DEPARTAMENTO,PROVINCIA,DISTRITO,CENTRO POBLADO,LATITUD,LONGITUD,VIVIENDAS,POBLACION
LORETO,REQUENA,EMILIO SAN MARTIN,NUEVO SAN ANTONIO,-5.671662,-74.27765,2,2
MADRE DE DIOS,TAMBOPATA,INAMBARI,PUERTO MAZUKO,-13.090528,-70.39145,50,177
MADRE DE DIOS,MANU,HUEPETUHE,BAMBERME,-13.012593,-70.659838,36,106
MADRE DE DIOS,MANU,MADRE DE DIOS,SETAPO,-12.968502,-70.647218,17,64
MADRE DE DIOS,MANU,HUEPETUHE,SETAPO,-13.022499,-70.66757,11,22
MADRE DE DIOS,MANU,HUEPETUHE,ARCO IRIS,-12.939392,-70.603532,5,13
MOQUEGUA,MARISCAL NIETO,TORATA,YACANGO,-17.093655,-70.865401,288,783
MOQUEGUA,GENERAL SANCHEZ CERRO,COALAQUE,COALAQUE,-16.649001,-71.021666,122,364
MOQUEGUA,GENERAL SANCHEZ CERRO,LLOQUE,LLOQUE,-16.323852,-70.738557,112,299
MOQUEGUA,GENERAL SANCHEZ CERRO,ICHUÑA,SANTA CRUZ DE OYO OYO (SANTA CRUZ),-16.154283,-70.578703,77,251
MOQUEGUA,MARISCAL NIETO,CARUMAS,SOMOA,-16.826877,-70.683602,101,205
MOQUEGUA,GENERAL SANCHEZ CERRO,MATALAQUE,MATALAQUE,-16.481234,-70.826598,81,186
MOQUEGUA,GENERAL SANCHEZ CERRO,UBINAS,TASSA,-16.181502,-70.698279,67,152
MOQUEGUA,GENERAL SANCHEZ CERRO,UBINAS,SACOHAYA,-16.403802,-70.874521,59,148
MOQUEGUA,GENERAL SANCHEZ CERRO,ICHUÑA,MAYCUNACA,-16.145988,-70.602117,56,142
MOQUEGUA,GENERAL SANCHEZ CERRO,MATALAQUE,CANDAHUA,-16.535292,-70.808997,51,90
MOQUEGUA,MARISCAL NIETO,CUCHUMBAYA,YOJO,-16.766687,-70.722503,49,84
MOQUEGUA,GENERAL SANCHEZ CERRO,COALAQUE,EL ESTANQUE,-16.642875,-71.036878,32,81
MOQUEGUA,MARISCAL NIETO,CUCHUMBAYA,SOQUESANE,-16.787234,-70.667805,36,73
MOQUEGUA,GENERAL SANCHEZ CERRO,UBINAS,PACHAMAYO,-16.170838,-70.68658,24,65
MOQUEGUA,GENERAL SANCHEZ CERRO,UBINAS,TAHUACA (SAN MIGUEL NUEVO),-16.416167,-70.833293,36,62
MOQUEGUA,GENERAL SANCHEZ CERRO,COALAQUE,BELLAVISTA,-16.645737,-71.036722,24,57
MOQUEGUA,GENERAL SANCHEZ CERRO,UBINAS,SAN CRISTOBAL DE TORATA,-16.350992,-70.74353,24,57
MOQUEGUA,MARISCAL NIETO,TORATA,LA PASCANA,-17.083195,-70.851823,19,54
MOQUEGUA,MARISCAL NIETO,MOQUEGUA,OASIS,-17.221979,-70.936121,25,50
MOQUEGUA,MARISCAL NIETO,CUCHUMBAYA,QUEBAYA,-16.749412,-70.678552,26,38
MOQUEGUA,MARISCAL NIETO,SAMEGUA,PULPITO,-17.156327,-70.864967,14,37
MOQUEGUA,MARISCAL NIETO,TORATA,CRUZ PATA,-17.090675,-70.850327,20,35
MOQUEGUA,MARISCAL NIETO,TORATA,ALEGOMA,-17.08677,-70.876587,16,35
MOQUEGUA,GENERAL SANCHEZ CERRO,MATALAQUE,HUARINA,-16.444942,-70.81691,19,35
MOQUEGUA,MARISCAL NIETO,CUCHUMBAYA,HUATALAQUE,-16.751332,-70.718358,20,30
MOQUEGUA,GENERAL SANCHEZ CERRO,OMATE,TAMAÑA,-16.646173,-70.985907,14,30
MOQUEGUA,MARISCAL NIETO,SAMEGUA,BUENA VISTA,-17.153221,-70.860652,14,29
MOQUEGUA,MARISCAL NIETO,MOQUEGUA,ALTO LA VILLA,-17.181123,-70.927184,10,17
MOQUEGUA,GENERAL SANCHEZ CERRO,OMATE,LA BANDA,-16.647977,-70.98783,8,16
MOQUEGUA,MARISCAL NIETO,MOQUEGUA,CONDEZA ALTA,-17.217489,-70.962353,13,15
MOQUEGUA,MARISCAL NIETO,MOQUEGUA,MONTALVO,-17.212077,-70.96557,5,14
MOQUEGUA,MARISCAL NIETO,SAMEGUA,PAMPA COLORADA,-17.157738,-70.8564,6,11
MOQUEGUA,GENERAL SANCHEZ CERRO,UBINAS,SANCAYA,-16.407381,-70.871661,6,10
MOQUEGUA,MARISCAL NIETO,SAMEGUA,QUEBRADA MAMA ROSA,-17.154221,-70.859409,3,9
MOQUEGUA,GENERAL SANCHEZ CERRO,COALAQUE,SANTA CRUZ,-16.641313,-71.048488,6,9
MOQUEGUA,MARISCAL NIETO,SAMEGUA,ESCAPALAQUE,-17.1741,-70.89677,3,5
MOQUEGUA,MARISCAL NIETO,MOQUEGUA,VIRGEN DEL CARMEN,-17.219217,-70.953549,2,4
MOQUEGUA,MARISCAL NIETO,SAMEGUA,SANCARA,-17.169983,-70.887604,2,3
MOQUEGUA,GENERAL SANCHEZ CERRO,UBINAS,CIBAYA,-16.242755,-70.75018,3,3
MOQUEGUA,MARISCAL NIETO,MOQUEGUA,LOS LAURELES,-17.217132,-70.933582,2,2
MOQUEGUA,MARISCAL NIETO,MOQUEGUA,EDEN,-17.219129,-70.928292,1,2
MOQUEGUA,GENERAL SANCHEZ CERRO,ICHUÑA,ICHUPAMPA,-16.15538,-70.572832,1,1
MOQUEGUA,GENERAL SANCHEZ CERRO,LLOQUE,PORTILLO PUNCO,-16.328705,-70.732138,1,1
MOQUEGUA,GENERAL SANCHEZ CERRO,MATALAQUE,VILLA CANDAHUA,-16.538407,-70.808628,1,1
MOQUEGUA,MARISCAL NIETO,SAMEGUA,TUCUMAN,-17.171652,-70.894071,0,0
MOQUEGUA,MARISCAL NIETO,SAMEGUA,BELEN DE SAMEGUA,-17.184157,-70.919704,0,0
MOQUEGUA,GENERAL SANCHEZ CERRO,LLOQUE,HUMALIKE,-16.324417,-70.7311,0,0
MOQUEGUA,GENERAL SANCHEZ CERRO,MATALAQUE,ESPERANZA,-16.448032,-70.815758,0,0
MOQUEGUA,GENERAL SANCHEZ CERRO,UBINAS,SAN MIGUEL VIEJO,-16.414197,-70.83531,0,0
PASCO,PASCO,HUARIACA,HUARIACA,-10.439098,-76.19156,1484,6175
PASCO,PASCO,PAUCARTAMBO,PAUCARTAMBO,-10.774451,-75.813279,1358,5144
PASCO,PASCO,NINACACA,NINACACA,-10.855532,-76.113142,666,2400
PASCO,DANIEL ALCIDES CARRION,TAPUC,TAPUC,-10.454631,-76.46249,508,1644
PASCO,PASCO,TICLACAYAN,TICLACAYAN,-10.535045,-76.164246,368,1212
PASCO,PASCO,PAUCARTAMBO,AUQUIMARCA,-10.749311,-75.709818,258,941
PASCO,PASCO,PAUCARTAMBO,HUALLAMAYO,-10.764303,-75.716052,230,776
PASCO,DANIEL ALCIDES CARRION,CHACAYAN,CHANGO,-10.415116,-76.411389,347,766
PASCO,PASCO,YANACANCHA,LA QUINUA,-10.615642,-76.181193,191,730
PASCO,PASCO,PAUCARTAMBO,BELLAVISTA,-10.80961,-75.872323,169,603
PASCO,PASCO,TICLACAYAN,PUCURHUAY,-10.509087,-76.129252,110,333
PASCO,OXAPAMPA,VILLA RICA,PUENTE PAUCARTAMBO (2B),-10.837838,-75.290257,103,326
PASCO,OXAPAMPA,VILLA RICA,PUENTE PAUCARTAMBO (2A),-10.838302,-75.289432,97,284
PASCO,PASCO,HUACHON,CHIPA,-10.647632,-75.94004,92,268
PASCO,OXAPAMPA,CHONTABAMBA,LA FLORIDA,-10.600128,-75.414435,80,224
PASCO,DANIEL ALCIDES CARRION,VILCABAMBA,SAN MIGUEL DE CUCHIS,-10.519122,-76.420032,109,213
PASCO,PASCO,HUACHON,SANTA ISABEL,-10.719018,-75.643642,64,198
PASCO,PASCO,YANACANCHA,PARIAMARCA,-10.647763,-76.164693,56,198
PASCO,PASCO,YANACANCHA,SANTA ROSA DE PITIC BAJA,-10.618797,-76.187251,49,175
PASCO,DANIEL ALCIDES CARRION,PAUCAR,PAUCALIN,-10.333945,-76.35638,55,162
PASCO,PASCO,PAUCARTAMBO,PAMPAMARCA CENTRAL,-10.723793,-75.644502,16,43
PASCO,PASCO,YANACANCHA,SAN MIGUEL,-10.620696,-76.191066,18,40
PASCO,PASCO,PAUCARTAMBO,SAN JUAN,-10.789843,-75.831622,12,36
PASCO,PASCO,HUARIACA,TARAPATA,-10.439118,-76.194198,10,35
PASCO,PASCO,YANACANCHA,QUICHAS,-10.647055,-76.165787,13,35
PASCO,PASCO,TICLACAYAN,MACHALAN,-10.530973,-76.165762,3,11
PASCO,PASCO,PAUCARTAMBO,SANTA ROSA DE JATUN YACU,-10.792208,-75.82685,4,9
PASCO,PASCO,PAUCARTAMBO,CACARA,-10.774105,-75.802453,4,8
PASCO,PASCO,YANACANCHA,NUNUNYAYOC,-10.653848,-76.171376,2,7
PASCO,PASCO,TICLACAYAN,ACAPA CANCHA,-10.513745,-76.123802,1,6
PASCO,PASCO,YANACANCHA,MACAPATA,-10.623211,-76.186374,2,5
PASCO,PASCO,HUARIACA,POSUYOJ,-10.44014,-76.195682,2,3
PASCO,PASCO,YANACANCHA,MUYOMUYO,-10.651333,-76.165904,1,3
PASCO,DANIEL ALCIDES CARRION,VILCABAMBA,HUARICOLCA,-10.515005,-76.427137,1,3
PASCO,OXAPAMPA,VILLA RICA,KM 3,-10.837025,-75.292603,2,3
PASCO,PASCO,HUARIACA,CHALCAN,-10.442203,-76.19996,1,2
PASCO,PASCO,PAUCARTAMBO,SAN FRANCISCO,-10.786313,-75.826932,1,2
PASCO,PASCO,YANACANCHA,HUALANGAYOC,-10.653738,-76.172737,1,2
PASCO,PASCO,PAUCARTAMBO,TINDALPATA ALTA,-10.720438,-75.646958,1,1
PASCO,PASCO,HUARIACA,MONTECHICO,-10.442662,-76.197312,0,0
PASCO,PASCO,PAUCARTAMBO,PALMAFALDA,-10.723742,-75.645252,0,0
PASCO,PASCO,TICLACAYAN,MARCAPATA,-10.512163,-76.125143,0,0
PASCO,DANIEL ALCIDES CARRION,PAUCAR,GASAPASH,-10.325457,-76.355749,0,0
PIURA,PIURA,VEINTISÉIS DE OCTUBRE,SAN MARTIN,-5.179294,-80.678167,41165,165712
PIURA,PIURA,PIURA,PIURA,-5.152397,-80.65779,31767,149982
PIURA,PIURA,CASTILLA,CASTILLA,-5.201467,-80.622789,35518,145182
PIURA,PIURA,CATACAOS,CATACAOS,-5.26727,-80.672423,10565,44124
PIURA,MORROPON,CHULUCANAS,CHULUCANAS,-5.097188,-80.160339,10420,40867
PIURA,PIURA,TAMBO GRANDE,TAMBO GRANDE,-4.928066,-80.337203,6200,24073
PIURA,PIURA,LA UNION,LA UNION,-5.388214,-80.737332,4680,19155
PIURA,PIURA,LA ARENA,LA ARENA,-5.342964,-80.703599,3664,14729
PIURA,SULLANA,QUERECOTILLO,QUERECOTILLO,-4.839274,-80.648203,3325,13173
PIURA,PAITA,COLAN,SAN LUCAS (PUEBLO NUEVO DE COLAN),-4.900653,-81.056431,2935,11540
PIURA,SULLANA,SULLANA,NUEVO SULLANA,-4.908292,-80.723995,3160,10934
PIURA,MORROPON,MORROPON,MORROPON,-5.186215,-79.969243,2491,8949
PIURA,PIURA,CATACAOS,LA LEGUA-SAN JACINTO (LA LEGUA),-5.247943,-80.670109,2111,8863
PIURA,TALARA,EL ALTO,EL ALTO,-4.268616,-81.221298,2225,8016
PIURA,MORROPON,LA MATANZA,LA MATANZA,-5.21367,-80.090446,1780,6787
PIURA,SULLANA,MARCAVELICA,MALLARITOS,-4.867403,-80.717898,1626,6100
PIURA,SECHURA,VICE,VICE,-5.422192,-80.776253,1422,5972
PIURA,SULLANA,SALITRAL,SALITRAL,-4.856926,-80.680831,1527,5784
PIURA,PIURA,LA UNION,TABLAZO NORTE (TABLAZO),-5.380796,-80.762523,1261,4979
PIURA,PIURA,CASTILLA,RIO SECO,-5.138614,-80.614782,207,4865
PIURA,MORROPON,CHULUCANAS,PACCHA,-5.012291,-80.224202,1260,4723
PIURA,SULLANA,SULLANA,HUANGALA,-4.839865,-80.60092,1124,4671
PIURA,PIURA,CATACAOS,SIMBILA,-5.244412,-80.649686,1051,4658
PIURA,PIURA,TAMBO GRANDE,CRUCETA,-4.838322,-80.264893,1286,4597
PIURA,SECHURA,VICE,LETIRA,-5.439708,-80.806933,995,4584
PIURA,SULLANA,MIGUEL CHECA,SOJO,-4.90028,-80.81469,1088,4403
PIURA,SECHURA,VICE,BECARA,-5.452964,-80.808783,931,4067
PIURA,PIURA,LA UNION,DOS ALTOS,-5.376077,-80.732408,997,4029
PIURA,SECHURA,BERNAL,BERNAL,-5.458949,-80.741968,1073,4007
PIURA,PIURA,LA ARENA,LAS MALVINAS,-5.362634,-80.716335,912,3921
PIURA,PIURA,LA ARENA,CASAGRANDE,-5.317682,-80.753394,900,3857
PIURA,SECHURA,SECHURA,CIUDAD DEL PESCADOR,-5.765692,-80.854452,881,3766
PIURA,TALARA,PARIÑAS,ENACE I II III,-4.595088,-81.179973,1075,3575
PIURA,PIURA,CATACAOS,PEDREGAL GRANDE,-5.307327,-80.685316,928,3488
PIURA,SULLANA,MARCAVELICA,MARCAVELICA,-4.881711,-80.703558,894,3458
PIURA,SULLANA,IGNACIO ESCUDERO,SANTA SOFIA,-4.88545,-80.840528,891,3388
PIURA,PIURA,CATACAOS,MONTE CASTILLO,-5.281274,-80.714661,817,3365
PIURA,MORROPON,CHULUCANAS,LA ENCANTADA,-5.093041,-80.19991,846,3213
PIURA,SECHURA,RINCONADA LLICUAR,DOS PUEBLOS,-5.463609,-80.765416,819,2999
PIURA,SECHURA,SECHURA,PARACHIQUE - LA BOCANA,-5.764712,-80.864199,727,2994
PIURA,SULLANA,IGNACIO ESCUDERO,SAN MIGUEL,-4.847981,-80.886665,710,2732
PIURA,MORROPON,CHULUCANAS,BATANES,-5.142819,-80.104032,749,2620
PIURA,SULLANA,IGNACIO ESCUDERO,VENTARRONES,-4.843747,-80.838208,708,2582
PIURA,MORROPON,CHULUCANAS,SOL SOL,-5.034272,-80.189545,657,2513
PIURA,MORROPON,LA MATANZA,LAYNES,-5.234506,-80.060656,723,2493
PIURA,SULLANA,SULLANA,SOMATE BAJO,-4.744902,-80.534001,698,2457
PIURA,PIURA,CURA MORI,NUEVO POZO DE LOS RAMOS,-5.338115,-80.660927,791,2453
PIURA,SULLANA,MARCAVELICA,LA QUINTA,-4.851816,-80.725591,635,2441
PIURA,PIURA,LA ARENA,LOMA NEGRA,-5.326138,-80.786005,687,2378
PIURA,SECHURA,BELLAVISTA DE LA UNION,SAN CLEMENTE,-5.434335,-80.738081,596,2364
PIURA,PIURA,LA ARENA,VICHAYAL,-5.30996,-80.717107,546,2359
PIURA,PIURA,CURA MORI,NUEVO CHATO GRANDE,-5.370138,-80.614862,621,2345
PIURA,PIURA,TAMBO GRANDE,PALOMINOS,-4.927491,-80.250133,595,2309
PIURA,PAITA,VICHAYAL,SAN FELIPE DE VICHAYAL,-4.864285,-81.072989,640,2243
PIURA,MORROPON,SAN JUAN DE BIGOTE,BIGOTE,-5.319391,-79.786159,701,2205
PIURA,SULLANA,MARCAVELICA,MONTERON,-4.878643,-80.80011,613,2166
PIURA,PIURA,CASTILLA,CHAPAYRA,-5.121502,-80.604617,546,2099
PIURA,MORROPON,CHULUCANAS,KM 50,-5.16931,-80.187083,569,2095
PIURA,PIURA,TAMBO GRANDE,LA PEÑITA,-4.943371,-80.526035,537,2094
PIURA,PAITA,VICHAYAL,MIRAMAR,-4.875468,-81.102687,570,2086
PIURA,PIURA,EL TALLAN,SINCHAO,-5.409103,-80.681056,528,2078
PIURA,PIURA,LA ARENA,CHATITO,-5.380331,-80.695969,544,2050
PIURA,SULLANA,SULLANA,CHALACALA,-4.789746,-80.572662,528,2018
PIURA,SULLANA,MARCAVELICA,SAMAN,-4.836525,-80.76418,584,1954
PIURA,PIURA,CASTILLA,LA OBRILLA,-4.985347,-80.573978,464,1952
PIURA,SECHURA,CRISTO NOS VALGA,SAN CRISTO,-5.493159,-80.740975,445,1872
PIURA,MORROPON,SALITRAL,MALACASI,-5.34187,-79.859321,566,1850
PIURA,PIURA,TAMBO GRANDE,PEDREGAL BAJO,-4.882495,-80.385018,471,1788
PIURA,PIURA,CATACAOS,NARIHUALA,-5.291134,-80.687515,442,1680
PIURA,TALARA,PARIÑAS,SACOBSA,-4.582495,-81.193093,473,1651
PIURA,SECHURA,BELLAVISTA DE LA UNION,BELLAVISTA,-5.44035,-80.754966,400,1615
PIURA,SULLANA,MARCAVELICA,LAS PALMERAS,-4.874821,-80.705534,447,1591
PIURA,MORROPON,BUENOS AIRES,CARRASQUILLO,-5.218615,-80.01895,414,1558
PIURA,SECHURA,SECHURA,PUERTO RICO,-5.824029,-81.035638,437,1538
PIURA,PIURA,CASTILLA,TERELA,-5.079569,-80.594261,392,1514
PIURA,PIURA,LA UNION,MONTE REDONDO,-5.407519,-80.712976,364,1482
PIURA,HUANCABAMBA,CANCHAQUE,CANCHAQUE,-5.375933,-79.605693,341,1453
PIURA,SULLANA,SULLANA,EL CUCHO,-4.869218,-80.658512,375,1417
PIURA,PIURA,CATACAOS,LA CAMPIÑA,-5.299508,-80.683402,358,1404
PIURA,MORROPON,SAN JUAN DE BIGOTE,LA PAREJA,-5.30906,-79.737005,427,1382
PIURA,SULLANA,MARCAVELICA,SAN MIGUEL DE TANGARARA,-4.884988,-80.825308,385,1377
PIURA,PIURA,LA UNION,CANIZAL CHICO,-5.383869,-80.697656,311,1341
PIURA,PIURA,TAMBO GRANDE,SAN MIGUEL DE SEREN,-4.924568,-80.473592,315,1338
PIURA,PIURA,LA ARENA,RIO VIEJO NORTE,-5.319703,-80.728574,305,1329
PIURA,PAITA,AMOTAPE,AMOTAPE,-4.881921,-81.015211,358,1278
PIURA,PIURA,LA ARENA,MONTE GRANDE,-5.364895,-80.695082,356,1271
PIURA,PIURA,CATACAOS,SAN PABLO,-5.291018,-80.616997,271,1235
PIURA,PIURA,LA UNION,SANTA CRUZ,-5.378008,-80.726214,278,1228
PIURA,PIURA,CASTILLA,EL PAPAYO,-5.044629,-80.608911,292,1205
PIURA,PIURA,LA ARENA,SANTA ELENA,-5.326477,-80.775704,349,1192
PIURA,PIURA,CASTILLA,MIRAFLORES,-5.164053,-80.61472,247,1165
PIURA,PAITA,COLAN,SAN LUCAS DE COLAN (LA ARENA CHIQUITA),-5.00504,-81.058401,273,1160
PIURA,SULLANA,QUERECOTILLO,LA PECA,-4.780182,-80.583208,331,1155
PIURA,TALARA,PARIÑAS,NEGREIROS,-4.581181,-81.186934,323,1142
PIURA,PIURA,CATACAOS,NUEVO PEDREGAL (PEDREGAL GRANDE),-5.312915,-80.679805,279,1109
PIURA,PIURA,CATACAOS,PAREDONES,-5.268375,-80.703059,265,1101
PIURA,PIURA,LA ARENA,ALTO DE LA CRUZ,-5.333531,-80.745607,218,1086
PIURA,PIURA,CATACAOS,LA PIEDRA,-5.259049,-80.703731,265,1083
PIURA,PAITA,AMOTAPE,EL TAMBO,-4.886922,-81.004557,294,1060
PIURA,PIURA,CATACAOS,CUMBIBIRA,-5.289553,-80.746958,260,1059
PIURA,SULLANA,MARCAVELICA,VISTA FLORIDA,-4.878462,-80.739073,277,1058
PIURA,PIURA,LA UNION,NUEVO TAMARINDO,-5.362972,-80.725131,259,1050
PIURA,MORROPON,SALITRAL,SALITRAL,-5.341812,-79.833495,289,1021
PIURA,PIURA,CASTILLA,SAN RAFAEL,-4.986879,-80.590852,221,1003
PIURA,PIURA,TAMBO GRANDE,PUEBLO LIBRE,-4.941741,-80.239166,254,993
PIURA,PIURA,CATACAOS,PEDREGAL CHICO,-5.300201,-80.692734,262,978
PIURA,SULLANA,SULLANA,CIENEGUILLO SUR,-5.003996,-80.666036,258,969
PIURA,MORROPON,CHULUCANAS,SANCOR,-4.987664,-80.16238,206,925
PIURA,PAITA,VICHAYAL,ISLA SAN LORENZO,-4.905907,-81.113757,216,882
PIURA,PIURA,TAMBO GRANDE,CALLEJONES,-5.027208,-80.255815,226,870
PIURA,MORROPON,BUENOS AIRES,INGENIO DE BUENOS AIRES,-5.209348,-79.946117,284,866
PIURA,PIURA,LAS LOMAS,CP-5,-4.740802,-80.311312,237,860
PIURA,PIURA,TAMBO GRANDE,MALINGAS,-4.952665,-80.250754,208,859
PIURA,PIURA,TAMBO GRANDE,CHARAN COPOZO CP7,-4.89743,-80.26811,234,849
PIURA,PIURA,TAMBO GRANDE,OLIVARES SAN FERNANDO,-4.96745,-80.602295,237,839
PIURA,SECHURA,SECHURA,TAJAMAR (TAJARQUI),-5.487179,-80.794003,206,829
PIURA,PIURA,TAMBO GRANDE,ATAHUALPA,-4.883997,-80.437028,219,819
PIURA,SECHURA,BERNAL,CORONADO,-5.467688,-80.731251,208,815
PIURA,PIURA,LAS LOMAS,VIVIANO ESPINOZA,-4.739667,-80.274248,207,799
PIURA,SECHURA,CRISTO NOS VALGA,SANTA CLARA,-5.494212,-80.751707,196,793
PIURA,PIURA,TAMBO GRANDE,SINCHI ROCA,-4.882533,-80.436265,181,780
PIURA,PIURA,LA UNION,HUEREQUEQUE,-5.41332,-80.704838,179,779
PIURA,PIURA,LA UNION,CANIZAL SANTA ROSA,-5.398698,-80.726161,189,772
PIURA,SULLANA,MARCAVELICA,LA NORIA,-4.790425,-80.745783,222,772
PIURA,MORROPON,CHULUCANAS,SAN FRANCISCO DE PACCHA,-4.995917,-80.217067,190,754
PIURA,PIURA,TAMBO GRANDE,PEDREGAL CHICO,-4.928563,-80.533618,184,747
PIURA,PAITA,COLAN,LA ESMERALDA,-5.008175,-81.064088,175,747
PIURA,PIURA,CATACAOS,VIDUQUE,-5.252902,-80.66531,185,732
PIURA,PIURA,TAMBO GRANDE,GUARAGUAOS ALTO,-4.909275,-80.207299,190,725
PIURA,SECHURA,SECHURA,CHUSIS,-5.519383,-80.815801,187,725
PIURA,PIURA,CURA MORI,SANTA ROSA,-5.320604,-80.678757,216,723
PIURA,PIURA,TAMBO GRANDE,SANTA ROSA DE CURBAN,-4.942908,-80.301707,189,710
PIURA,PIURA,TAMBO GRANDE,EL CRUCE DE VEGA,-4.944267,-80.260733,184,680
PIURA,SULLANA,SULLANA,CHILACO PELADO (CHILACO),-4.699874,-80.4963,186,676
PIURA,PIURA,TAMBO GRANDE,LOS ZAPATAS,-4.974285,-80.257208,166,673
PIURA,PIURA,TAMBO GRANDE,ESPERANZA DE MI CAUTIVO CP 8,-4.93654,-80.24242,179,670
PIURA,MORROPON,CHULUCANAS,TALANDRACAS,-5.110637,-80.063607,199,650
PIURA,SECHURA,BELLAVISTA DE LA UNION,MIRAFLORES,-5.416437,-80.740788,160,650
PIURA,MORROPON,CHULUCANAS,HUASIMAL,-5.14729,-80.171872,163,643
PIURA,MORROPON,CHULUCANAS,SAN PEDRO,-5.098237,-80.032991,189,640
PIURA,PIURA,LA ARENA,PAMPA CHICA,-5.320815,-80.720539,150,633
PIURA,MORROPON,MORROPON,LA BOCANA,-5.163567,-80.087054,186,623
PIURA,SECHURA,VICE,CHALACO,-5.407321,-80.759645,182,622
PIURA,SECHURA,BERNAL,ONZA DE ORO,-5.488156,-80.746538,134,612
PIURA,PIURA,TAMBO GRANDE,LAS MONICAS,-4.928732,-80.287361,164,607
PIURA,MORROPON,MORROPON,PIURA LA VIEJA,-5.152264,-80.076257,185,592
PIURA,PIURA,TAMBO GRANDE,CRUZ VERDE,-4.974368,-80.204587,163,591
PIURA,PIURA,TAMBO GRANDE,NUEVO YAPATO,-4.879173,-80.442742,148,584
PIURA,PIURA,TAMBO GRANDE,LA PALA,-4.921678,-80.314827,163,575
PIURA,SECHURA,BERNAL,CHEPITO,-5.472611,-80.754742,182,564
PIURA,SULLANA,SULLANA,RIECITO,-4.716252,-80.508861,159,558
PIURA,MORROPON,LA MATANZA,YECALA,-5.190397,-80.128337,165,545
PIURA,MORROPON,CHULUCANAS,BELEN,-5.030589,-80.162346,143,536
PIURA,HUANCABAMBA,CANCHAQUE,LOS RANCHOS,-5.227491,-79.645398,157,511
PIURA,PIURA,LAS LOMAS,CP14,-4.80342,-80.299202,147,502
PIURA,PIURA,LA ARENA,CHAQUIRA,-5.308308,-80.752827,118,498
PIURA,MORROPON,LA MATANZA,TIERRAS DURAS ALTO,-5.206603,-80.10641,125,498
PIURA,HUANCABAMBA,HUARMACA,CUCHUPAMPA,-5.585443,-79.522142,129,493
PIURA,HUANCABAMBA,LALAQUIZ,TUNAL,-5.215758,-79.679991,174,493
PIURA,PIURA,LA ARENA,RIO VIEJO SUR - ALTO DE LOS CARRILLO,-5.329827,-80.73954,123,487
PIURA,PAITA,COLAN,NUEVO PARAISO,-5.006128,-81.048277,106,483
PIURA,PIURA,TAMBO GRANDE,EL CARBON,-4.963047,-80.275755,121,481
PIURA,HUANCABAMBA,SAN MIGUEL DE EL FAIQUE,LOMA LARGA BAJA,-5.420358,-79.676774,137,480
PIURA,MORROPON,CHULUCANAS,FATIMA,-5.072142,-80.109222,132,476
PIURA,SULLANA,SULLANA,CHALACALA ALTA,-4.78584,-80.55423,117,467
PIURA,PIURA,TAMBO GRANDE,VALLE HERMOSO,-4.937453,-80.569655,118,458
PIURA,MORROPON,CHULUCANAS,PUEBLO NUEVO DE TALANDRAC,-5.085641,-80.062782,135,458
PIURA,PIURA,TAMBO GRANDE,LA COLCA,-4.891057,-80.339233,116,455
PIURA,PIURA,LA ARENA,PAMPA DE LOS SILVAS,-5.314669,-80.708503,113,451
PIURA,MORROPON,MORROPON,SOLUMBRE,-5.129025,-80.052382,129,450
PIURA,PIURA,TAMBO GRANDE,BELLO HORIZONTE,-4.845217,-80.224815,111,449
PIURA,PIURA,TAMBO GRANDE,SANTA ROSA DE YARANCHE,-4.836763,-80.239975,122,449
PIURA,PIURA,LA ARENA,ALTO DE LA CRUZ,-5.333325,-80.749198,106,445
PIURA,SULLANA,SULLANA,LA CAPILLA (LA LECHERA),-4.947648,-80.673975,113,444
PIURA,PIURA,LAS LOMAS,CACATURO,-4.660487,-80.196288,116,436
PIURA,PIURA,LA ARENA,EL PORVENIR,-5.323068,-80.71068,97,430
PIURA,SECHURA,BERNAL,SANTO DOMINGO,-5.481984,-80.758046,117,430
PIURA,HUANCABAMBA,SAN MIGUEL DE EL FAIQUE,LA CAPILL A,-5.443054,-79.60198,128,428
PIURA,PIURA,LA UNION,CANIZAL GRANDE,-5.382719,-80.712693,104,419
PIURA,MORROPON,SANTA CATALINA DE MOSSA,PUEBLO NUEVO DE MARAY (PUEBLO NUEVO),-5.184304,-79.888887,140,405
PIURA,PIURA,TAMBO GRANDE,SAN ISIDRO 10-4,-4.794597,-80.273353,74,402
PIURA,PIURA,TAMBO GRANDE,GUARAGUAOS BAJO,-4.917466,-80.220366,113,393
PIURA,PIURA,LA ARENA,LAGUNA DE LOS PRADO,-5.354836,-80.719844,97,384
PIURA,PIURA,TAMBO GRANDE,CASANAS,-4.993667,-80.191941,92,383
PIURA,MORROPON,BUENOS AIRES,LA PILCA,-5.217611,-79.946692,122,382
PIURA,MORROPON,CHULUCANAS,CHAPICA CAMPANAS,-5.082804,-80.120184,105,380
PIURA,MORROPON,CHULUCANAS,PAPELILLO,-5.064425,-80.09958,103,367
PIURA,SULLANA,SULLANA,TRES COMPUERTAS CIENEGUILLO NORTE,-4.869838,-80.618649,83,366
PIURA,MORROPON,CHULUCANAS,PUEBLO NUEVO DE CAMPANAS,-5.116541,-80.140146,94,359
PIURA,MORROPON,CHULUCANAS,SANTA ROSA DE ÑOMALA,-5.062855,-80.234062,79,352
PIURA,PIURA,TAMBO GRANDE,LUCHADORES SOCIALES,-4.925925,-80.528293,79,348
PIURA,PIURA,CURA MORI,CHATO CHICO,-5.367113,-80.665179,103,347
PIURA,PIURA,TAMBO GRANDE,TOTORAL BAJO,-4.888936,-80.212913,102,347
PIURA,PIURA,TAMBO GRANDE,HUACA BLANCA,-4.90442,-80.344658,87,344
PIURA,PIURA,TAMBO GRANDE,LAS MERCEDES,-4.923397,-80.373018,89,344
PIURA,SULLANA,SULLANA,SAN PEDRO SAN PABLO (SOMATE ALTO),-4.788747,-80.431213,99,344
PIURA,HUANCABAMBA,LALAQUIZ,LA LAGUNA,-5.197625,-79.646178,121,343
PIURA,PIURA,PIURA,SANTA SARA,-5.075448,-80.624518,90,341
PIURA,SULLANA,QUERECOTILLO,SANTA ELENA BAJA,-4.82513,-80.646563,94,341
PIURA,MORROPON,CHULUCANAS,CHAPICA CARMELO,-5.076425,-80.098967,107,337
PIURA,PIURA,TAMBO GRANDE,PLATILLOS,-4.990133,-80.187104,79,330
PIURA,MORROPON,LA MATANZA,TIERRAS DURAS BAJO,-5.200182,-80.108108,82,330
PIURA,PIURA,LAS LOMAS,VILLA INDEPENDIENTE,-4.737128,-80.315932,90,327
PIURA,MORROPON,CHULUCANAS,NUEVA ESPERANZA,-5.07542,-80.268665,105,325
PIURA,PIURA,LAS LOMAS,SECTOR CERO CINCO,-4.76972,-80.270643,99,324
PIURA,MORROPON,LA MATANZA,KM 62 (SANTA ROSA),-5.227067,-80.120827,72,315
PIURA,PAITA,ARENAL,EL TABLAZO,-4.892939,-81.0306,87,314
PIURA,PIURA,TAMBO GRANDE,MALINGAS GRANDE,-4.967662,-80.261098,79,313
PIURA,PIURA,TAMBO GRANDE,LIBRE,-4.770303,-80.236583,86,312
PIURA,PIURA,TAMBO GRANDE,CAPAC YUPANQUI,-4.836129,-80.382693,83,310
PIURA,SULLANA,MARCAVELICA,SAMAN CHICO,-4.814072,-80.75376,87,308
PIURA,PIURA,LA ARENA,NUEVO CASARANA,-5.319178,-80.707436,58,301
PIURA,PIURA,TAMBO GRANDE,SAN MARTIN DE MALINGAS,-4.971978,-80.274413,72,300
PIURA,AYABACA,FRIAS,ALTO POCLUS,-4.93029,-79.89344,67,299
PIURA,SULLANA,SULLANA,LAS MERCEDES CIENEGUILLO NORTE,-4.909506,-80.64897,72,298
PIURA,HUANCABAMBA,SAN MIGUEL DE EL FAIQUE,CHANRO,-5.424543,-79.709083,90,297
PIURA,MORROPON,MORROPON,QUEBRADA DE LAS DAMAS,-5.107695,-80.032722,82,290
PIURA,PIURA,CATACAOS,MOCARA,-5.30162,-80.704619,49,289
PIURA,PIURA,TAMBO GRANDE,SANTA ROSA DEL ASALTO,-4.924584,-80.517327,72,280
PIURA,SECHURA,VICE,SANCHEZ,-5.442075,-80.774803,63,274
PIURA,MORROPON,CHULUCANAS,CALORES,-5.098828,-80.058852,87,273
PIURA,MORROPON,LA MATANZA,TIERRAS DURAS DEL VIRREY,-5.474345,-79.990653,82,273
PIURA,MORROPON,MORROPON,SAN JOSE DEL CHORRO,-5.140392,-80.060377,74,273
PIURA,PAITA,COLAN,LAS ARENAS DE COLAN EL TABLAZO,-4.925927,-81.024253,74,272
PIURA,SECHURA,SECHURA,CONSTANTE,-5.676665,-80.84978,91,272
PIURA,PIURA,TAMBO GRANDE,EL SALTO,-4.921396,-80.504839,66,271
PIURA,PIURA,PIURA,LAS VEGAS,-5.043685,-80.695026,76,265
PIURA,HUANCABAMBA,SAN MIGUEL DE EL FAIQUE,LAS HUACAS,-5.434545,-79.744438,82,265
PIURA,MORROPON,MORROPON,ZAPOTAL,-5.177077,-79.982903,84,262
PIURA,PIURA,CURA MORI,CHATO GRANDE,-5.356398,-80.668402,82,261
PIURA,HUANCABAMBA,LALAQUIZ,MARAY GRANDE,-5.187096,-79.683293,91,260
PIURA,PIURA,LAS LOMAS,SAN FRANCISCO DE YUSCAY,-4.725238,-80.269647,77,259
PIURA,AYABACA,SUYO,LA COPA,-4.573242,-80.081772,67,259
PIURA,PIURA,LA ARENA,JESUS MARIA,-5.31377,-80.706803,52,251
PIURA,AYABACA,FRIAS,CACHIRIS,-4.855265,-79.922737,53,249
PIURA,MORROPON,CHULUCANAS,CHARANAL (CHARANAL BAJO),-5.121276,-80.081937,75,249
PIURA,MORROPON,CHULUCANAS,CRUZ DE CAMPANAS,-4.994016,-80.191894,58,249
PIURA,HUANCABAMBA,SAN MIGUEL DE EL FAIQUE,EL HIGUERON,-5.456718,-79.60266,76,248
PIURA,PIURA,LA ARENA,EL PEÑAL,-5.346272,-80.72849,61,247
PIURA,MORROPON,CHULUCANAS,LA UNION,-5.096311,-80.048256,77,246
PIURA,AYABACA,PAIMAS,TOMAPAMPA DE CARDAL,-4.61311,-80.037923,69,245
PIURA,PIURA,TAMBO GRANDE,PUEBLO NUEVO,-4.854288,-80.223417,70,240
PIURA,SECHURA,CRISTO NOS VALGA,CERRITOS,-5.498407,-80.718522,66,239
PIURA,PIURA,LA UNION,TUNAPE,-5.369381,-80.738653,65,237
PIURA,PIURA,LAS LOMAS,SAN MIGUEL DE YUSCAY,-4.68989,-80.23336,69,237
PIURA,PIURA,TAMBO GRANDE,EL FRUTAL,-4.892871,-80.35999,60,234
PIURA,MORROPON,BUENOS AIRES,PAMPA FLORES,-5.19746,-79.926072,68,232
PIURA,MORROPON,CHULUCANAS,PANECILLO,-5.052264,-80.101261,77,230
PIURA,MORROPON,CHULUCANAS,EL AROMO,-5.09531,-80.112786,57,229
PIURA,MORROPON,MORROPON,FRANCO BAJO,-5.17355,-80.047805,67,226
PIURA,PIURA,LA UNION,LA ESCOLASTICA,-5.401281,-80.706803,55,223
PIURA,PIURA,LA ARENA,ALTOS DE LOS MECHATOS,-5.315071,-80.708232,50,222
PIURA,MORROPON,CHULUCANAS,ALTO SAN MIGUEL,-5.097402,-80.249567,48,220
PIURA,MORROPON,LA MATANZA,CRUZ BLANCA,-5.201357,-80.133315,50,217
PIURA,PIURA,TAMBO GRANDE,TEJEDORES 96,-4.7569,-80.24584,71,216
PIURA,SULLANA,SULLANA,NUEVO PROGRESO,-5.003852,-80.697613,59,216
PIURA,PIURA,TAMBO GRANDE,MANCO CAPAC,-4.91101,-80.236606,58,215
PIURA,AYABACA,FRIAS,MEJICO,-4.878705,-79.882942,54,212
PIURA,HUANCABAMBA,LALAQUIZ,EL PAPAYO,-5.204921,-79.650307,89,212
PIURA,MORROPON,MORROPON,CHARANAL ALTO,-5.110442,-80.05343,72,211
PIURA,MORROPON,CHULUCANAS,SAN JOSE (KM.41),-5.148928,-80.264147,60,209
PIURA,MORROPON,SALITRAL,ALGARROBAL,-5.34439,-79.822975,63,209
PIURA,MORROPON,YAMANGO,COCA,-5.192908,-79.838487,61,209
PIURA,HUANCABAMBA,HUARMACA,TOCTO,-5.793263,-79.696367,47,208
PIURA,PIURA,TAMBO GRANDE,SEÑOR DE LOS MILAGROS,-4.910255,-80.426008,51,207
PIURA,MORROPON,MORROPON,EL CHORRO,-5.187178,-79.95422,60,204
PIURA,MORROPON,SALITRAL,MAMAYACO,-5.494362,-79.712317,54,204
PIURA,PIURA,TAMBO GRANDE,SANTA CATALINA,-4.801249,-80.253591,54,199
PIURA,MORROPON,MORROPON,FRANCO ALTO,-5.168662,-80.026475,66,198
PIURA,MORROPON,SALITRAL,TORTOLA,-5.322898,-79.84033,61,198
PIURA,MORROPON,LA MATANZA,KM 65,-5.242157,-80.113013,53,195
PIURA,PIURA,TAMBO GRANDE,SAN PABLO,-4.87317,-80.319747,49,192
PIURA,HUANCABAMBA,HUARMACA,JUAN VELASCO,-5.577615,-79.521957,60,191
PIURA,PIURA,PIURA,LAS MERCEDES,-5.110424,-80.708604,66,190
PIURA,MORROPON,SAN JUAN DE BIGOTE,DOTOR,-5.326132,-79.718188,66,188
PIURA,PIURA,LAS LOMAS,LA CAIDA DE YUSCAY,-4.724125,-80.27244,57,187
PIURA,MORROPON,CHULUCANAS,"HUAPALAS ZONA SAGRADO CORAZON DE JESUS",-5.119718,-80.196291,56,187
PIURA,PIURA,LAS LOMAS,CENTRO SERVICIOS PARTIDOR,-4.73188,-80.281508,45,186
PIURA,MORROPON,MORROPON,BOCA NEGRA,-5.182082,-79.942987,55,186
PIURA,TALARA,PARIÑAS,LA CAMPANA,-4.56359,-81.21433,23,185
PIURA,AYABACA,PAIMAS,TOMAPAMPA DE JAMBUR,-4.618538,-80.002523,47,183
PIURA,MORROPON,SAN JUAN DE BIGOTE,CARDAL,-5.3174,-79.706328,64,181
PIURA,SULLANA,SULLANA,SAN JUAN DE LOS RANCHOS,-4.918937,-80.641809,49,176
PIURA,MORROPON,CHULUCANAS,NUEVO PROGRESO,-5.118822,-80.072452,48,172
PIURA,SULLANA,SULLANA,MONTENEGRO,-4.862304,-80.632599,46,171
PIURA,PIURA,LAS LOMAS,"FRANCISCO BOLOGNESI BAJO (MONTE BORRACHO)",-4.684502,-80.257593,43,166
PIURA,PIURA,PIURA,COSCOMBA,-5.214197,-80.643562,41,163
PIURA,SECHURA,SECHURA,YAPATO,-5.489201,-80.813753,44,163
PIURA,HUANCABAMBA,HUARMACA,PAMPA LARGA,-5.669603,-79.704058,47,162
PIURA,PIURA,LA UNION,SAN MARTIN DE LETIRA,-5.34525,-80.780414,39,161
PIURA,HUANCABAMBA,HUARMACA,CHIGNIA BAJA,-5.570803,-79.704295,51,161
PIURA,PIURA,TAMBO GRANDE,SENOR CAUTIVO,-4.93611,-80.275037,47,159
PIURA,SECHURA,CRISTO NOS VALGA,NUEVO CHUPER,-5.497937,-80.747195,39,154
PIURA,SULLANA,SULLANA,MARAN,-4.759462,-80.544083,39,153
PIURA,PIURA,LAS LOMAS,LAS MERCEDES,-4.738187,-80.281793,37,152
PIURA,HUANCABAMBA,HUARMACA,HUALCAS I,-5.511608,-79.706457,56,151
PIURA,PIURA,TAMBO GRANDE,MONTEVERDE ALTO,-4.920137,-80.195551,41,149
PIURA,PIURA,TAMBO GRANDE,SAN FRANCISCO,-4.810992,-80.247463,55,144
PIURA,HUANCABAMBA,LALAQUIZ,MARAY CHICO,-5.18951,-79.687567,50,142
PIURA,PIURA,CASTILLA,LOS PULACHE,-5.157197,-80.492874,30,140
PIURA,HUANCABAMBA,HUARMACA,SAN MIGUEL DE SUCCHUPAMPA,-5.587363,-79.527015,39,140
PIURA,HUANCABAMBA,SAN MIGUEL DE EL FAIQUE,HUACAS BAJA,-5.437803,-79.75332,41,140
PIURA,PIURA,CASTILLA,SAN VICENTE,-5.018173,-80.592002,37,139
PIURA,HUANCABAMBA,CANCHAQUE,SAN MARTIN DE PAJONAL,-5.272403,-79.675403,43,139
PIURA,MORROPON,MORROPON,EL PORVENIR,-5.127157,-80.048512,40,138
PIURA,SECHURA,SECHURA,LAS DELICIAS,-5.723405,-80.852834,46,136
PIURA,SULLANA,SULLANA,PUEBLO NUEVO,-4.964448,-80.650832,30,133
PIURA,SECHURA,BERNAL,POZO OSCURO ANTIGUO,-5.45938,-80.64794,40,132
PIURA,AYABACA,PAIMAS,JAMBUR,-4.619872,-79.933542,37,131
PIURA,SECHURA,BERNAL,NUEVO VEGA DEL CHICO,-5.441738,-80.727888,39,130
PIURA,PIURA,TAMBO GRANDE,PALO PARADO,-4.922563,-80.278493,35,129
PIURA,HUANCABAMBA,HUARMACA,HUALCAS II,-5.518667,-79.70976,45,128
PIURA,PIURA,TAMBO GRANDE,EL REFUGIO,-4.934362,-80.288547,32,127
PIURA,HUANCABAMBA,HUARMACA,OVERAL,-5.935774,-79.569913,36,127
PIURA,HUANCABAMBA,SAN MIGUEL DE EL FAIQUE,CHAMELICO,-5.467168,-79.602028,38,127
PIURA,SULLANA,SULLANA,CANAL MOCHO LAS MERCEDES,-4.996075,-80.687694,35,127
PIURA,HUANCABAMBA,SAN MIGUEL DE EL FAIQUE,PIEDRA AZUL,-5.425217,-79.693965,45,125
PIURA,AYABACA,SUYO,PUEBLO NUEVO,-4.517717,-79.983183,36,122
PIURA,HUANCABAMBA,HUARMACA,LOS ALGARROBOS,-5.674943,-79.723665,36,122
PIURA,MORROPON,CHULUCANAS,HUALTACAL,-5.09874,-80.04387,36,122
PIURA,MORROPON,CHULUCANAS,MOGOTE,-5.107926,-80.238471,26,122
PIURA,MORROPON,LA MATANZA,MONTE AZUL,-5.31327,-80.054642,34,122
PIURA,SULLANA,SULLANA,MIRAFLORES,-4.917824,-80.637702,29,122
PIURA,PIURA,TAMBO GRANDE,JUAN VELAZCO ALVARADO - SECTOR 9.6,-4.788988,-80.226972,35,121
PIURA,HUANCABAMBA,HUARMACA,YAMALAN,-5.581389,-79.524151,37,121
PIURA,HUANCABAMBA,HUARMACA,YUMBE,-5.578337,-79.522335,20,121
PIURA,MORROPON,LA MATANZA,HUALTACO,-5.459222,-79.991778,34,121
PIURA,PIURA,TAMBO GRANDE,LAS SALINAS,-4.910992,-80.191752,28,119
PIURA,SULLANA,SULLANA,SAN JUAN DE LOS RANCHOS I,-4.919406,-80.639039,34,119
PIURA,HUANCABAMBA,HUARMACA,FAICALITO,-5.50917,-79.692818,30,118
PIURA,MORROPON,SAN JUAN DE BIGOTE,MANZANARES,-5.313908,-79.760628,35,117
PIURA,PAITA,VICHAYAL,LA BOCANA NUEVA,-4.887952,-81.146368,32,117
PIURA,PIURA,LA ARENA,OSWALDO SEMINARIO,-5.30712,-80.71338,40,115
PIURA,SULLANA,LANCONES,POECHOS PELADOS,-4.68288,-80.526945,35,115
PIURA,MORROPON,LA MATANZA,KM 66,-5.252452,-80.111555,28,113
PIURA,PIURA,TAMBO GRANDE,EL PALTO MALINGAS,-4.962505,-80.264902,32,112
PIURA,MORROPON,LA MATANZA,SANTA TERESITA,-5.190143,-80.108383,32,112
PIURA,MORROPON,MORROPON,PAMPA HACIENDA,-5.20349,-79.956562,37,112
PIURA,SULLANA,MARCAVELICA,SAN ROLANDO,-4.840588,-80.822837,30,112
PIURA,PAITA,VICHAYAL,SAN LUIS,-4.878327,-81.117053,31,111
PIURA,SULLANA,LANCONES,AGUAS DE NAVARRO (MONTECILLO),-4.684775,-80.455607,32,110
PIURA,MORROPON,BUENOS AIRES,LA TOMA,-5.219395,-80.003277,28,108
PIURA,SECHURA,VICE,SANTA ROSA DE SATUYO,-5.436823,-80.782102,24,108
PIURA,HUANCABAMBA,CANCHAQUE,SANTA ROSA,-5.382085,-79.61906,40,107
PIURA,HUANCABAMBA,LALAQUIZ,CARAVELI,-5.225538,-79.656513,36,106
PIURA,MORROPON,MORROPON,POLVAZAL,-5.212242,-79.980775,31,106
PIURA,PIURA,LAS LOMAS,EL PARTIDOR,-4.734097,-80.276462,35,102
PIURA,PIURA,TAMBO GRANDE,LEONCIO PRADO,-4.870145,-80.22295,27,94
PIURA,HUANCABAMBA,SAN MIGUEL DE EL FAIQUE,AFILADERA,-5.403063,-79.624582,24,93
PIURA,SECHURA,BERNAL,CORDILLERA,-5.453313,-80.648072,28,93
PIURA,PIURA,PIURA,JUAN VELASCO,-5.032257,-80.700091,31,90
PIURA,PIURA,TAMBO GRANDE,EL MANGO MALINGAS,-4.947926,-80.245573,22,90
PIURA,SULLANA,MARCAVELICA,LA SEGUNDA,-4.856248,-80.747865,22,90
PIURA,HUANCABAMBA,CANCHAQUE,YUMBE,-5.37837,-79.594532,29,89
PIURA,SULLANA,SULLANA,MEJIA,-4.938229,-80.649889,27,89
PIURA,SECHURA,SECHURA,TRES CRUCES,-5.89754,-80.287018,21,89
PIURA,SECHURA,BELLAVISTA DE LA UNION,ALTO DE LOS SANTIAGOS,-5.425052,-80.73968,24,88
PIURA,PIURA,CASTILLA,LAS MERCEDES,-5.147352,-80.462303,23,87
PIURA,PIURA,LA ARENA,SAN LUIS,-5.340477,-80.716073,19,86
PIURA,MORROPON,SAN JUAN DE BIGOTE,BADO DE GARZAS,-5.312087,-79.754148,34,85
PIURA,SULLANA,SULLANA,NUEVA ESPERANZA,-4.876287,-80.668877,23,85
PIURA,HUANCABAMBA,LALAQUIZ,CRUZ ALTA,-5.167002,-79.656313,24,83
PIURA,PAITA,COLAN,PUERTO PIZARRO,-4.91071,-81.097483,21,82
PIURA,SULLANA,SULLANA,SAN VICENTE CIENEGUILLO NORTE,-4.897998,-80.629093,17,82
PIURA,AYABACA,FRIAS,EL PROGRESO,-4.972455,-79.831318,19,81
PIURA,SECHURA,SECHURA,BELIZARIO,-5.833249,-80.435008,25,80
PIURA,PIURA,CASTILLA,SECTOR CHOCAN,-5.144198,-80.439938,24,79
PIURA,PIURA,LAS LOMAS,SEÑOR CAUTIVO,-4.69603,-80.291295,20,79
PIURA,MORROPON,LA MATANZA,BARRIOS ALTOS,-5.342662,-80.062037,25,78
PIURA,SECHURA,SECHURA,NUEVA ESPERANZA,-5.814583,-80.058261,18,77
PIURA,SECHURA,CRISTO NOS VALGA,LOS JARDINES,-5.540213,-80.587345,20,77
PIURA,MORROPON,BUENOS AIRES,MORROPONCITO,-5.311238,-79.921945,27,75
PIURA,MORROPON,LA MATANZA,EL TONGO,-5.243475,-80.093585,22,75
PIURA,PIURA,LAS LOMAS,PICHONES CENTRO,-4.686658,-80.311368,27,72
PIURA,MORROPON,MORROPON,EL CEREZO,-5.156598,-79.982332,23,72
PIURA,SULLANA,SULLANA,LAS CHAVELAS,-4.959912,-80.65553,23,71
PIURA,HUANCABAMBA,LALAQUIZ,TUNAL ALTO (ANEXO),-5.205209,-79.67404,13,70
PIURA,SULLANA,MARCAVELICA,EL YUCAL,-4.820172,-80.72382,20,69
PIURA,PIURA,PIURA,SAN SEBASTIAN,-5.033577,-80.700273,22,67
PIURA,MORROPON,LA MATANZA,COLPAS,-5.370398,-80.020822,20,66
PIURA,PAITA,AMOTAPE,NUEVO SAN FRANCISCO,-4.844893,-81.015112,17,66
PIURA,PIURA,CATACAOS,PUEBLO NUEVO,-5.465307,-80.22401,17,63
PIURA,SULLANA,SULLANA,PARKINSONIA,-4.954866,-80.632941,17,62
PIURA,PIURA,VEINTSÉIS DE OCTUBRE,SEÑOR CAUTIVO DE AYABACA,-5.148057,-80.694498,37,61
PIURA,SECHURA,BELLAVISTA DE LA UNION,SOLEDAD,-5.422127,-80.761338,21,61
PIURA,PIURA,LA UNION,SEÑOR DE LOS MILAGROS,-5.345333,-80.775543,16,60
PIURA,PIURA,TAMBO GRANDE,EL LIMON MALINGAS,-4.960733,-80.2537,13,60
PIURA,HUANCABAMBA,HUARMACA,LA RAMADA,-5.643678,-79.380022,15,56
PIURA,MORROPON,CHULUCANAS,VEGA HONDA,-5.287735,-80.222647,13,56
PIURA,MORROPON,YAMANGO,NUEVO PROGRESO,-5.1797,-79.880883,22,55
PIURA,MORROPON,SAN JUAN DE BIGOTE,NUEVA ESPERANZA,-5.335592,-79.717147,18,53
PIURA,SULLANA,SULLANA,SANTA ROSA CIENEGUILLO NORTE,-4.896071,-80.645312,12,53
PIURA,AYABACA,SUYO,SAN JOAQUIN,-4.560007,-80.06812,20,52
PIURA,MORROPON,CHULUCANAS,SAN JOSE DE PAVITAS(KM-50),-5.179336,-80.182164,18,51
PIURA,PIURA,EL TALLAN,PIEDRAL ANTIGUO,-5.443281,-80.642172,11,50
PIURA,SECHURA,SECHURA,PAMPA DE LORO,-5.501372,-80.78963,17,50
PIURA,SECHURA,SECHURA,EL BARCO,-5.883679,-80.391415,12,49
PIURA,PIURA,LAS LOMAS,VILLA MILITAR,-4.660002,-80.213597,0,48
PIURA,HUANCABAMBA,HUARMACA,POLVASAL,-5.641183,-79.382088,13,47
PIURA,MORROPON,SANTA CATALINA DE MOSSA,LA LIBERTAD,-5.160777,-79.93855,7,46
PIURA,MORROPON,LA MATANZA,LAS VILLEGAS (NORIA VILLEGAS),-5.337485,-80.213925,13,45
PIURA,MORROPON,LA MATANZA,EL PROGRESO,-5.351477,-80.07145,13,45
PIURA,SULLANA,MIGUEL CHECA,LUCAS CUTIVALU,-5.136995,-80.825985,33,45
PIURA,SECHURA,BERNAL,SANTA FILOMENA,-5.442727,-80.729045,18,45
PIURA,SECHURA,SECHURA,EL SAUCE,-5.850466,-80.275436,11,44
PIURA,PIURA,PIURA,SAN FRANCISCO DE ASIS,-5.103806,-80.705372,23,41
PIURA,HUANCABAMBA,LALAQUIZ,LA TUNA,-5.210937,-79.678312,13,41
PIURA,SULLANA,MIGUEL CHECA,LA CAPILLA,-4.902047,-80.729585,9,41
PIURA,SULLANA,MIGUEL CHECA,NUEVA ESPERANZA,-4.912402,-80.797567,11,40
PIURA,SECHURA,CRISTO NOS VALGA,SAN RAMON TIZAL,-5.526693,-80.65942,1,40
PIURA,SULLANA,MARCAVELICA,CAÑAS,-4.682182,-80.754992,12,39
PIURA,PAITA,VICHAYAL,LAS VALENCIAS,-4.869475,-81.094545,15,38
PIURA,AYABACA,PAIMAS,TOMAPAMPA DEL QUIROZ,-4.600905,-80.05176,9,37
PIURA,HUANCABAMBA,HUARMACA,LALO PAMPA,-5.829737,-79.39682,9,37
PIURA,MORROPON,LA MATANZA,CHANCHAPE (TONGO ALTO),-5.281735,-80.068307,11,36
PIURA,TALARA,LA BREA,LA BREA,-4.677583,-81.100038,14,36
PIURA,MORROPON,LA MATANZA,HISPON,-5.271095,-80.122408,10,35
PIURA,MORROPON,MORROPON,RINCONADA ZAPOTAL,-5.17264,-79.98834,8,33
PIURA,PIURA,TAMBO GRANDE,BONAPIRA,-4.950203,-80.330315,9,32
PIURA,HUANCABAMBA,HUARMACA,EL TRAPICHE,-5.677587,-79.723096,6,32
PIURA,SECHURA,SECHURA,LOS POCITOS,-5.891841,-80.222606,5,32
PIURA,SECHURA,CRISTO NOS VALGA,SAN RAMON,-5.565327,-80.582613,9,32
PIURA,MORROPON,CHULUCANAS,BODEGAS DE SANCOR,-5.008355,-80.19865,10,28
PIURA,MORROPON,MORROPON,CHECO ALTO,-5.106618,-80.049355,10,28
PIURA,PIURA,TAMBO GRANDE,SAN PABLO,-4.87409,-80.53277,8,27
PIURA,SECHURA,SECHURA,SAN PABLO,-5.856263,-80.412627,10,27
PIURA,SECHURA,SECHURA,LA ANGOSTURA,-5.921995,-80.299162,9,26
PIURA,PIURA,LA UNION,EL BENDITO,-5.400472,-80.79134,11,25
PIURA,HUANCABAMBA,HUARMACA,COLOMBIA,-5.789653,-79.698325,5,23
PIURA,MORROPON,LA MATANZA,POTRERILLO,-5.439325,-80.026002,10,23
PIURA,SECHURA,SECHURA,SOMBRERO VERDE,-5.815937,-80.354142,5,23
PIURA,PAITA,VICHAYAL,VISTA FLORIDA,-4.851417,-81.047173,7,22
PIURA,SULLANA,SALITRAL,EL CORTIJO,-4.846277,-80.67056,4,22
PIURA,PIURA,CATACAOS,VEGA DE MERA,-5.553324,-80.245107,6,20
PIURA,HUANCABAMBA,CANCHAQUE,PALO BLANCO,-5.227048,-79.638928,9,20
PIURA,SECHURA,SECHURA,ALTO EL ROQUE,-5.883357,-80.148246,3,20
PIURA,SECHURA,BERNAL,LA FLORIDA,-5.447538,-80.678557,7,19
PIURA,PIURA,EL TALLAN,SINCHAO CHICO ANTIGUO,-5.418753,-80.650173,5,18
PIURA,HUANCABAMBA,HUARMACA,ECUADOR,-5.795238,-79.703933,5,17
PIURA,SECHURA,CRISTO NOS VALGA,LA ALGARROBERA,-5.518767,-80.592588,5,17
PIURA,PIURA,PIURA,EL PORVENIR,-5.055717,-80.696005,5,16
PIURA,PIURA,TAMBO GRANDE,SAN ISIDRO II,-4.810426,-80.246825,7,16
PIURA,HUANCABAMBA,LALAQUIZ,CRUZ BAJA (SANTISIMA CRUZ),-5.177015,-79.655273,6,16
PIURA,SECHURA,BELLAVISTA DE LA UNION,VENECIA DE SAN CLEMENTE,-5.429182,-80.739905,3,16
PIURA,SECHURA,CRISTO NOS VALGA,VALVERDE,-5.526293,-80.591047,4,16
PIURA,PIURA,LA UNION,SANTA ROSA,-5.351227,-80.747246,6,15
PIURA,SECHURA,SECHURA,LA COSCOLA,-5.799274,-80.327629,5,15
PIURA,SECHURA,SECHURA,NORIA HONDA,-5.79248,-80.30982,4,14
PIURA,PIURA,LA ARENA,SANTA ELENA,-5.312928,-80.778577,4,12
PIURA,PIURA,CATACAOS,VEGA DEL CABALLO,-5.43433,-80.28442,4,11
PIURA,PIURA,LAS LOMAS,CANTAGALLO,-4.692907,-80.288723,5,10
PIURA,PIURA,LA UNION,MIRAGARZON,-5.396856,-80.698962,3,9
PIURA,MORROPON,BUENOS AIRES,CAJALOBOS,-5.263043,-79.939147,3,8
PIURA,HUANCABAMBA,HUARMACA,MOLINO VIEJO,-5.788792,-79.698482,2,7
PIURA,PIURA,PIURA,COSCOMBA ALTA,-5.213186,-80.642823,2,6
PIURA,SECHURA,SECHURA,PAN DE AZUFRE,-5.672488,-80.565783,2,6
PIURA,SECHURA,SECHURA,VICHAYO,-5.58654,-80.80889,4,6
PIURA,PIURA,CASTILLA,MI CAUTIVO,-5.174437,-80.550005,2,5
PIURA,PIURA,CATACAOS,LA COMPUERTA DE NARIHUALA,-5.288257,-80.703445,2,5
PIURA,PIURA,CATACAOS,02 DE FEBRERO,-5.247932,-80.624828,2,5
PIURA,PIURA,VEINTSÉIS DE OCTUBRE,SANTA LUCIA,-5.160275,-80.69971,5,5
PIURA,PAITA,AMOTAPE,SAN FRANCISCO,-4.850697,-81.023673,2,5
PIURA,PIURA,CATACAOS,SARITA COLONIA,-5.250462,-80.622203,3,4
PIURA,PIURA,TAMBO GRANDE,SAN RAMON,-4.912138,-80.327292,1,4
PIURA,AYABACA,SUYO,TOMAPAMPA DEL QUIROZ,-4.575295,-80.065982,1,4
PIURA,PAITA,AMOTAPE,LOMA DE LOS PERROS,-4.891238,-81.01347,2,4
PIURA,SECHURA,SECHURA,MIRAMAR,-5.51556,-80.820013,1,4
PIURA,SECHURA,BERNAL,SAN VICTOR,-5.44459,-80.738403,1,4
PIURA,AYABACA,PAIMAS,LA RINCONADA,-4.595788,-80.0582,1,3
PIURA,HUANCABAMBA,CANCHAQUE,CAMPANA,-5.393948,-79.623473,2,3
PIURA,MORROPON,LA MATANZA,PABUR NUEVO,-5.219042,-80.071015,1,3
PIURA,MORROPON,MORROPON,CHECO BAJO,-5.111872,-80.053522,1,3
PIURA,PAITA,LA HUACA,LAS ANIMAS,-4.916202,-80.943027,2,3
PIURA,SECHURA,SECHURA,LA COLORADA,-5.893172,-80.349882,2,3
PIURA,SECHURA,BELLAVISTA DE LA UNION,VILELA,-5.426403,-80.753518,1,3
PIURA,MORROPON,BUENOS AIRES,VIJUCAL,-5.219643,-79.985797,1,2
PIURA,MORROPON,BUENOS AIRES,OLGUIN,-5.283948,-79.932147,1,2
PIURA,SECHURA,BERNAL,VEGA DEL CHILCO,-5.447507,-80.66648,1,2
PIURA,SECHURA,BERNAL,ALTO EL BRUJO,-5.439735,-80.701653,1,2
PIURA,SECHURA,RINCONADA LLICUAR,CHUPER,-5.499367,-80.777415,2,2
PIURA,SECHURA,RINCONADA LLICUAR,VISTA FLORIDA,-5.485513,-80.76456,1,2
PIURA,PIURA,VEINTSÉIS DE OCTUBRE,PUENTE LAS MONJAS,-5.152287,-80.695053,1,1
PIURA,SECHURA,SECHURA,BAZAN,-5.523477,-80.775698,1,1
PIURA,SECHURA,SECHURA,MINCHALES,-5.846629,-80.442445,1,1
PIURA,SECHURA,SECHURA,LA CAPILLA,-5.745325,-80.272595,1,1
PIURA,SECHURA,BELLAVISTA DE LA UNION,SANTA ANA,-5.436607,-80.759345,1,1
PIURA,SECHURA,RINCONADA LLICUAR,EL IMPULSO,-5.468683,-80.78224,1,1
PIURA,PIURA,CATACAOS,LOMA CHELEQUE,-5.67046,-80.31599,0,0
PIURA,PIURA,CATACAOS,NUEVO CUCUNGARA (NUEVO PEDREGAL),-5.30911,-80.6597,0,0
PIURA,SULLANA,MIGUEL CHECA,LA ALBORADA,-4.976762,-80.698547,0,0
PIURA,SECHURA,BELLAVISTA DE LA UNION,LA BOCANA,-5.413862,-80.744845,0,0
PIURA,SECHURA,BERNAL,LA ZULDI,-5.440057,-80.679297,0,0
PIURA,SECHURA,VICE,SANTA ISABEL,-5.423327,-80.788727,0,0
PIURA,SECHURA,VICE,SAN LUIS,-5.45625,-80.782827,0,0
PIURA,SECHURA,RINCONADA LLICUAR,SALITRAL,-5.455965,-80.771242,0,0
PIURA,SECHURA,RINCONADA LLICUAR,MORRONGO,-5.464982,-80.783973,0,0
PIURA,SECHURA,RINCONADA LLICUAR,ISLA,-5.47124,-80.78366,0,0
PIURA,SECHURA,RINCONADA LLICUAR,ISLA BELLAVISTA,-5.503073,-80.781595,0,0
PUNO,SANDIA,SANDIA,SANDIA,-14.322212,-69.466296,1113,4003
PUNO,MELGAR,MACARI,MACARI,-14.771757,-70.903233,644,2527
PUNO,CARABAYA,SAN GABAN,LANLACUNI BAJO,-13.438215,-70.402746,418,1572
PUNO,CARABAYA,SAN GABAN,MANOA (PUERTO MANOA OROYA),-13.39885,-70.32078,336,1292
PUNO,CHUCUITO,PISACOMA,PISACOMA,-16.90848,-69.371313,630,1225
PUNO,SANDIA,CUYOCUYO,CUYOCUYO,-14.470179,-69.537148,365,1106
PUNO,CARABAYA,OLLACHEA,QUICHO,-13.68105,-70.64743,252,969
PUNO,LAMPA,PALCA,PALCA,-15.236999,-70.598157,221,669
PUNO,CARABAYA,AYAPATA,OROYA,-13.395372,-70.320738,282,568
PUNO,CARABAYA,OLLACHEA,PALCA,-13.614772,-70.649668,147,558
PUNO,LAMPA,VILAVILA,VILAVILA,-15.188269,-70.659971,175,479
PUNO,CARABAYA,AYAPATA,CHALLHUAMAYO,-13.357528,-70.349488,254,457
PUNO,CARABAYA,OLLACHEA,PUMACHANCA,-13.56256,-70.68391,143,455
PUNO,CARABAYA,CRUCERO,ORURO,-14.369535,-69.930568,154,429
PUNO,CARABAYA,AYAPATA,LECHEMAYO CHICO,-13.258593,-70.327843,280,393
PUNO,AZANGARO,SAN ANTON,TUPAC AMARU,-14.511255,-70.259637,122,347
PUNO,MELGAR,CUPI,CUPI,-14.905076,-70.866648,95,314
PUNO,SANDIA,SANDIA,PHOCCORACCANI,-14.339988,-69.471578,87,306
PUNO,CHUCUITO,ZEPITA,CAMAQUENI,-16.40732,-69.07414,128,292
PUNO,EL COLLAO,ILAVE,JARANI,-16.155829,-69.668801,124,288
PUNO,CARABAYA,SAN GABAN,SAN GABAN,-13.438643,-70.402393,29,271
PUNO,PUNO,PUNO,RANCHO PUNCO - SALCEDO,-15.891177,-69.999961,65,197
PUNO,CARABAYA,OLLACHEA,PARUSANI,-13.638512,-70.613617,40,167
PUNO,SANDIA,SANDIA,APALLANI,-14.317337,-69.45268,55,165
PUNO,SANDIA,SANDIA,CHIRIHUAYA,-14.3153,-69.449428,52,143
PUNO,SANDIA,CUYOCUYO,COJENE GRANDE,-14.475157,-69.537913,48,140
PUNO,EL COLLAO,ILAVE,THOCORI,-16.150137,-69.671796,56,133
PUNO,CHUCUITO,JULI,SAN FRANCISCO DE ANCOAQUE,-16.280622,-69.486497,60,126
PUNO,AZANGARO,SAN ANTON,CHIMPA CHOQUESANI,-14.506773,-70.263945,47,115
PUNO,AZANGARO,SAN ANTON,CCATUYO GRANDE,-14.4025,-70.27775,40,110
PUNO,CARABAYA,OLLACHEA,CHULLUPAMPA,-13.62491,-70.655943,28,108
PUNO,CHUCUITO,ZEPITA,VALLECITO,-16.424683,-69.084255,40,107
PUNO,MELGAR,NUÑOA,ALIANZA,-14.366235,-70.734982,29,107
PUNO,EL COLLAO,CONDURIRI,SALES GRANDE,-16.522633,-69.605543,44,102
PUNO,CHUCUITO,ZEPITA,HUANCARANI,-16.416273,-69.083492,31,83
PUNO,CHUCUITO,ZEPITA,CENTRAL ILLECA,-16.416188,-69.080033,37,83
PUNO,PUNO,PUNO,SALLIHUANI SASANI,-15.874107,-69.970438,30,81
PUNO,AZANGARO,SAN ANTON,BAJO CHILLUMA,-14.551157,-70.334313,37,76
PUNO,CARABAYA,AYAPATA,KILLI KILLI,-13.787497,-70.321547,26,71
PUNO,EL COLLAO,CONDURIRI,SALES CHICO,-16.524185,-69.579458,32,68
PUNO,SANDIA,SANDIA,HUENCCALLA,-14.336185,-69.469059,22,68
PUNO,CHUCUITO,ZEPITA,CENTRAL,-16.416545,-69.095547,25,59
PUNO,PUNO,PUNO,AZIRUNI,-15.872346,-69.977915,19,49
PUNO,SANDIA,SANDIA,CHIMUNO,-14.343,-69.471743,14,46
PUNO,CHUCUITO,ZEPITA,HUANCARANI CAYO,-16.411473,-69.08862,16,34
PUNO,CHUCUITO,ZEPITA,VILA VILA,-16.408125,-69.085123,17,30
PUNO,SANDIA,CUYOCUYO,COJENE CHICO,-14.474138,-69.537657,15,28
PUNO,CHUCUITO,ZEPITA,HUANCARANI PARQUE,-16.40813,-69.0916,13,27
PUNO,CARABAYA,OLLACHEA,OQHOPATA,-13.627372,-70.649203,5,22
PUNO,CARABAYA,CRUCERO,CHICURUNI,-14.356122,-69.956853,8,20
PUNO,CARABAYA,CRUCERO,HUATAPAMPA-ORURO,-14.387777,-69.941648,10,20
PUNO,CHUCUITO,PISACOMA,ANCOMOCO,-16.917478,-69.36538,4,20
PUNO,CARABAYA,CRUCERO,CCARANASA,-14.386712,-69.923965,5,16
PUNO,CARABAYA,CRUCERO,HUATAPAMPA,-14.39761,-69.918412,5,15
PUNO,PUNO,PUNO,JAYLLIHUAYA KELLARANI,-15.889697,-69.963578,8,14
PUNO,CARABAYA,CRUCERO,JAIRIQUEÑA,-14.415988,-69.857082,5,14
PUNO,CARABAYA,CRUCERO,VILLA VILUYO,-14.370737,-69.958815,4,11
PUNO,LAMPA,CABANILLA,YANACCACCA,-15.506633,-70.381012,8,11
PUNO,LAMPA,VILAVILA,QUEPA,-15.189157,-70.649487,5,11
PUNO,CARABAYA,CRUCERO,JANCCOUTA,-14.36768,-69.924097,4,10
PUNO,MELGAR,CUPI,QUERO QUERO,-14.901913,-70.872505,4,10
PUNO,CARABAYA,CRUCERO,HUACACANCHA,-14.375122,-69.929502,5,9
PUNO,CARABAYA,CRUCERO,LAYME CCOCHACUCHO,-14.372855,-69.924318,2,9
PUNO,CARABAYA,CRUCERO,PATA ICHUCCOLLO,-14.354445,-69.994242,4,8
PUNO,MELGAR,NUÑOA,SICSIRA,-14.440387,-70.659197,3,8
PUNO,CARABAYA,CRUCERO,ROSASPATA,-14.364792,-69.994745,3,6
PUNO,CARABAYA,CRUCERO,VILUYO ALTO,-14.368572,-69.965317,3,6
PUNO,CARABAYA,CRUCERO,YURAC MAYO,-14.37286,-69.93804,2,6
PUNO,CARABAYA,CRUCERO,SILLACUNCA,-14.377268,-69.940898,3,6
PUNO,CARABAYA,CRUCERO,PPUJIO PATA,-14.372717,-69.923995,1,6
PUNO,MELGAR,CUPI,IRARANI,-14.899863,-70.865253,1,5
PUNO,SANDIA,SANDIA,HUAYLLABAMBA,-14.317428,-69.458157,4,4
PUNO,MELGAR,CUPI,SACHACANTO,-14.90393,-70.858607,2,3
PUNO,CARABAYA,CRUCERO,JANCCOUMA,-14.384752,-69.948858,1,2
PUNO,CARABAYA,CRUCERO,UÑA NACCANA,-14.37255,-69.954733,2,2
PUNO,CARABAYA,CRUCERO,SANTA CLARA-ORURO,-14.375623,-69.943225,1,2
PUNO,CARABAYA,CRUCERO,UÑANOCCANI,-14.374862,-69.954728,1,1
PUNO,CARABAYA,CRUCERO,ANCAHUACHANA,-14.37282,-69.890295,1,1
PUNO,CARABAYA,CRUCERO,SAPAHUASI,-14.363389,-69.987613,1,1
PUNO,SANDIA,SANDIA,HUARIHUARI,-14.310197,-69.449972,1,1
PUNO,PUNO,PUNO,QUEÑUA PATILLA,-15.894765,-69.974059,0,0
PUNO,CARABAYA,CRUCERO,PATA MORONCCASA,-14.372728,-69.954831,0,0
PUNO,CHUCUITO,JULI,SIHUICJAHUIRA,-16.215372,-69.447733,0,0
SAN MARTIN,TOCACHE,TOCACHE,TOCACHE,-8.188269,-76.509539,3927,15752
SAN MARTIN,LAMAS,LAMAS,LAMAS,-6.423854,-76.523386,3023,11165
SAN MARTIN,TOCACHE,UCHIZA,UCHIZA,-8.458221,-76.461763,1656,6997
SAN MARTIN,SAN MARTIN,SAUCE,SAUCE,-6.690694,-76.216661,1150,5350
SAN MARTIN,LAMAS,ALONSO DE ALVARADO,ROQUE,-6.355861,-76.775158,548,2339
SAN MARTIN,RIOJA,AWAJUN,"SAN FRANCISCO DEL ALTO MAYO (SAN FRANCISCO)",-5.77841,-77.317523,435,1699
SAN MARTIN,LAMAS,ALONSO DE ALVARADO,PINSHAPAMPA,-6.357615,-76.773779,403,1469
SAN MARTIN,MOYOBAMBA,HABANA,HABANA,-6.079758,-77.091379,415,1325
SAN MARTIN,BELLAVISTA,BAJO BIAVO,NUEVO LIMA,-7.101625,-76.472023,291,1092
SAN MARTIN,LAMAS,ZAPATERO,ZAPATERO,-6.529725,-76.494226,289,1012
SAN MARTIN,BELLAVISTA,SAN PABLO,SAN PABLO,-6.809743,-76.574723,280,993
SAN MARTIN,LAMAS,CAYNARACHI,LA PERLA DEL PONGO,-6.330861,-76.28656,243,924
SAN MARTIN,LAMAS,CAYNARACHI,PONGO DE CAYNARACHI,-6.330814,-76.284052,231,858
SAN MARTIN,MARISCAL CACERES,JUANJUI,LA VICTORIA,-7.157955,-76.726122,215,813
SAN MARTIN,TOCACHE,TOCACHE,SARITA COLONIA,-8.188833,-76.499163,197,776
SAN MARTIN,MOYOBAMBA,MOYOBAMBA,MARONA,-6.06875,-76.912112,204,759
SAN MARTIN,LAMAS,SAN ROQUE DE CUMBAZA,SAN ROQUE DE CUMBAZA,-6.385675,-76.438667,200,735
SAN MARTIN,SAN MARTIN,CHAZUTA,TUNUNTUNUMBA,-6.572403,-76.092998,134,687
SAN MARTIN,TOCACHE,NUEVO PROGRESO,LAS PALMERAS,-8.382,-76.242772,171,681
SAN MARTIN,MOYOBAMBA,SORITOR,ALTO PERU,-6.298263,-77.096305,181,676
SAN MARTIN,RIOJA,PARDO MIGUEL,SAN AGUSTIN,-5.781495,-77.524973,164,632
SAN MARTIN,PICOTA,TINGO DE PONASA,TINGO DE PONASA,-6.936218,-76.25389,165,627
SAN MARTIN,MOYOBAMBA,MOYOBAMBA,RAFAEL BELAUNDE,-5.777281,-77.235762,145,506
SAN MARTIN,TOCACHE,NUEVO PROGRESO,MADRE MIA,-8.748635,-76.223608,117,427
SAN MARTIN,PICOTA,PUCACACA,CHINCHA ALTA,-6.834382,-76.335971,103,398
SAN MARTIN,PICOTA,PILLUANA,MISHQUIYACU,-6.786049,-76.260818,115,394
SAN MARTIN,TOCACHE,NUEVO PROGRESO,NUEVA PALMA (EX PACOTA),-8.399388,-76.279355,98,387
SAN MARTIN,TOCACHE,NUEVO PROGRESO,SITULLY,-8.690693,-76.24634,116,360
SAN MARTIN,PICOTA,TINGO DE PONASA,NUEVA ESPERANZA,-6.929152,-76.183765,77,343
SAN MARTIN,TOCACHE,NUEVO PROGRESO,PUERTO RICO (YANAJANCA),-8.59682,-76.270102,86,318
SAN MARTIN,MOYOBAMBA,MOYOBAMBA,BARRIO NUEVO,-5.705751,-77.38451,59,313
SAN MARTIN,MARISCAL CACERES,JUANJUI,CHAMBIRA,-7.177427,-76.742994,77,289
SAN MARTIN,BELLAVISTA,ALTO BIAVO,NUEVO ARICA,-7.527243,-76.428795,58,265
SAN MARTIN,PICOTA,PICOTA,VILLANUEVA DEL RIO,-6.882445,-76.336575,67,248
SAN MARTIN,RIOJA,PARDO MIGUEL,ORIENTE NUEVO,-5.797407,-77.522258,44,160
SAN MARTIN,MARISCAL CACERES,JUANJUI,EL PORVENIR,-7.172062,-76.746081,40,156
SAN MARTIN,MOYOBAMBA,MOYOBAMBA,SANTA ROSA DEL MAYO (SANTA ROSA),-5.719508,-77.37098,36,139
SAN MARTIN,RIOJA,AWAJUN,EL EXITO,-5.775127,-77.338143,28,117
SAN MARTIN,BELLAVISTA,SAN PABLO,EL CARIBE,-6.847782,-76.559865,28,82
SAN MARTIN,PICOTA,TINGO DE PONASA,PUCUSHCAYACU,-6.938753,-76.226392,20,73
SAN MARTIN,RIOJA,AWAJUN,LA ISLA JACINTO,-5.763063,-77.326377,13,58
SAN MARTIN,SAN MARTIN,SAUCE,CUARTEL MILITAR,-6.684383,-76.214698,0,41
SAN MARTIN,BELLAVISTA,SAN PABLO,"CANAL DE IRRIGACION MARGEN IZQUIERDA RIO SISA",-6.810438,-76.568514,12,39
SAN MARTIN,TOCACHE,UCHIZA,CACHIYACU,-8.30416,-76.41032,5,38
SAN MARTIN,RIOJA,PARDO MIGUEL,CORAZON DE JESUS,-5.784765,-77.530744,11,36
SAN MARTIN,MOYOBAMBA,HABANA,SAN JOSE,-6.104127,-77.059535,8,30
SAN MARTIN,RIOJA,YORONGOS,NUEVA ESPERANZA,-6.115707,-77.142745,11,26
SAN MARTIN,SAN MARTIN,CHAZUTA,SANGAPILLA,-6.57428,-76.13324,9,24
SAN MARTIN,MARISCAL CACERES,JUANJUI,VILLA VENECIA,-7.154584,-76.720605,3,23
SAN MARTIN,BELLAVISTA,SAN PABLO,SAN JUAN,-6.801258,-76.58417,7,19
SAN MARTIN,MARISCAL CACERES,JUANJUI,RIO BLANCO,-7.17179,-76.750865,5,19
SAN MARTIN,SAN MARTIN,CHIPURANA,EL CODO,-6.418177,-75.848145,3,10
SAN MARTIN,HUALLAGA,PISCOYACU,CONCORDIA,-6.96955,-76.755362,2,5
SAN MARTIN,PICOTA,TINGO DE PONASA,SANTA CLARA,-6.94275,-76.254987,1,3
SAN MARTIN,PICOTA,TINGO DE PONASA,CONDORCANQUI,-6.94206,-76.231448,1,3
SAN MARTIN,MOYOBAMBA,SORITOR,CALORA,-6.124095,-77.110234,1,2
SAN MARTIN,HUALLAGA,EL ESLABON,OJE,-7.008697,-76.730838,1,2
SAN MARTIN,SAN MARTIN,SAUCE,VILLARICA,-6.683183,-76.221527,1,1
SAN MARTIN,MOYOBAMBA,HABANA,CANTORCILLO,-6.086213,-77.056913,0,0
SAN MARTIN,HUALLAGA,PISCOYACU,PANAMA,-6.98884,-76.75896,0,0
SAN MARTIN,MARISCAL CACERES,JUANJUI,BUENA VISTA,-7.15602,-76.729687,0,0
SAN MARTIN,MARISCAL CACERES,JUANJUI,VERBENA,-7.156108,-76.716838,0,0
SAN MARTIN,MARISCAL CACERES,JUANJUI,MISQUIYACU,-7.179793,-76.741581,0,0
SAN MARTIN,PICOTA,PICOTA,LA UNION,-6.913242,-76.325808,0,0
SAN MARTIN,PICOTA,PUCACACA,MANUEL TAFUR,-6.846683,-76.33571,0,0
SAN MARTIN,RIOJA,YORONGOS,LA HOYADA,-6.138178,-77.127543,0,0
TACNA,TARATA,TARATA,TARATA,-17.475061,-70.031875,830,2802
TACNA,JORGE BASADRE,ILABAYA,MIRAVE,-17.479583,-70.547801,234,835
TACNA,TACNA,CALANA,"PIEDRA BLANCA-CERRO BLANCO-SANTA RITA-VILLA PACIFICO",-17.965356,-70.187133,259,747
TACNA,TACNA,PALCA,PALCA,-17.778307,-69.959815,50,470
TACNA,JORGE BASADRE,ILABAYA,ILABAYA,-17.41813,-70.513155,105,301
TACNA,JORGE BASADRE,ILABAYA,BOROGUEÑA,-17.315047,-70.439423,106,280
TACNA,TARATA,TARUCACHI,TARUCACHI,-17.525723,-70.031647,139,277
TACNA,TACNA,CALANA,VILLA PACIFICO,-17.982761,-70.194209,70,252
TACNA,TACNA,PACHIA,CALIENTES,-17.863226,-70.12337,82,219
TACNA,TACNA,PACHIA,CAPLINA,-17.690033,-69.937159,67,149
TACNA,TARATA,SUSAPAYA,YABROCO,-17.346333,-70.117412,68,144
TACNA,JORGE BASADRE,ILABAYA,TICAPAMPA,-17.476159,-70.540112,44,135
TACNA,TARATA,HÉROES ALBARRACÍN,CHUCATAMANI,-17.48059,-70.122938,76,131
TACNA,TARATA,ESTIQUE,TALABAYA,-17.55198,-69.987475,52,125
TACNA,TACNA,PACHIA,EL PELIGRO,-17.918438,-70.170502,39,101
TACNA,CANDARAVE,CAMILACA,CORAGUAYA,-17.276024,-70.425064,34,100
TACNA,TARATA,ESTIQUE,ESTIQUE,-17.54193,-70.01836,48,91
TACNA,TACNA,CALANA,ALTO CALANA,-17.92302,-70.178213,24,64
TACNA,TARATA,HÉROES ALBARRACÍN,PISTALA,-17.490442,-70.087632,38,62
TACNA,JORGE BASADRE,ILABAYA,ILABAYA ALTA,-17.426837,-70.512402,21,49
TACNA,JORGE BASADRE,ILABAYA,HIGUERANI,-17.352097,-70.554075,16,24
TACNA,TACNA,CALANA,EL TRIUNFO,-17.979852,-70.195068,3,4
TACNA,TACNA,CALANA,LOS FRUTALES,-17.970613,-70.192825,0,0
TACNA,TACNA,CALANA,HIJOS DE PIEDRA BLANCA,-17.964345,-70.192863,0,0
TACNA,TARATA,TARATA,CHACAVIRA,-17.466322,-70.025865,0,0
TACNA,TARATA,TARATA,CAMAROTE,-17.472143,-70.02102,0,0
TACNA,TARATA,HÉROES ALBARRACÍN,CHURO,-17.488663,-70.081775,0,0
TUMBES,TUMBES,TUMBES,TUMBES,-3.570999,-80.45913,25601,96946
TUMBES,ZARUMILLA,ZARUMILLA,ZARUMILLA,-3.501209,-80.275564,6022,21409
TUMBES,TUMBES,CORRALES,SAN PEDRO DE LOS INCAS,-3.601517,-80.480585,4964,17883
TUMBES,ZARUMILLA,AGUAS VERDES,LA CURVA,-3.484249,-80.26223,3831,13739
TUMBES,TUMBES,LA CRUZ,CALETA CRUZ,-3.637181,-80.590104,2491,9015
TUMBES,TUMBES,TUMBES,PUERTO PIZARRO,-3.502994,-80.391563,1053,4000
TUMBES,TUMBES,PAMPAS DE HOSPITAL,PAMPAS DE HOSPITAL,-3.693258,-80.439029,762,2648
TUMBES,ZARUMILLA,PAPAYAL,UÑA DE GATO,-3.53887,-80.231532,672,2346
TUMBES,ZARUMILLA,AGUAS VERDES,AGUAS VERDES,-3.481772,-80.245116,652,2057
TUMBES,ZARUMILLA,MATAPALO,NUEVO PROGRESO - EL TUTUMO,-3.689116,-80.250781,473,1813
TUMBES,TUMBES,SAN JUAN DE LA VIRGEN,SAN JUAN DE LA VIRGEN,-3.627675,-80.433564,459,1559
TUMBES,TUMBES,SAN JUAN DE LA VIRGEN,CERRO BLANCO,-3.654536,-80.427432,407,1375
TUMBES,ZARUMILLA,PAPAYAL,LA PALMA,-3.563295,-80.215332,354,1198
TUMBES,TUMBES,TUMBES,LA VICTORIA,-3.512524,-80.387108,21,1115
TUMBES,TUMBES,PAMPAS DE HOSPITAL,CABUYAL,-3.715699,-80.436817,294,1017
TUMBES,TUMBES,SAN JUAN DE LA VIRGEN,GARBANZAL,-3.612317,-80.434702,299,995
TUMBES,ZARUMILLA,AGUAS VERDES,"CUCHARETA BAJA - CUCHARETA ALTA - NUEVA ESPERANZA",-3.525705,-80.238617,290,983
TUMBES,TUMBES,CORRALES,REALENGAL,-3.61078,-80.473575,262,927
TUMBES,TUMBES,SAN JACINTO,CASA BLANQUEADA,-3.737926,-80.453802,270,926
TUMBES,ZARUMILLA,PAPAYAL,PAPAYAL,-3.571323,-80.235019,218,832
TUMBES,TUMBES,SAN JACINTO,LA PEÑA,-3.668215,-80.449878,218,763
TUMBES,TUMBES,PAMPAS DE HOSPITAL,CRUZ BLANCA,-3.667573,-80.42332,213,714
TUMBES,TUMBES,SAN JACINTO,OIDOR,-3.722475,-80.456556,210,701
TUMBES,ZARUMILLA,PAPAYAL,LOS OLIVOS,-3.564095,-80.225017,164,599
TUMBES,TUMBES,SAN JUAN DE LA VIRGEN,TACURAL,-3.634306,-80.427843,165,559
TUMBES,TUMBES,SAN JACINTO,PECHICHAL,-3.635912,-80.459066,167,557
TUMBES,ZARUMILLA,MATAPALO,LEANDRO CAMPOS,-3.692427,-80.225814,141,535
TUMBES,TUMBES,PAMPAS DE HOSPITAL,EL LIMON,-3.727318,-80.441808,107,393
TUMBES,ZARUMILLA,AGUAS VERDES,LOMA SAAVEDRA,-3.504042,-80.226088,86,313
TUMBES,ZARUMILLA,ZARUMILLA,EL BENDITO,-3.451218,-80.316448,40,276
TUMBES,ZARUMILLA,PAPAYAL,EL PORVENIR,-3.552178,-80.226267,80,272
TUMBES,CONTRALMIRANTE VILLAR,CASITAS,TRIGAL,-3.840367,-80.673678,71,222
TUMBES,TUMBES,CORRALES,PUEBLO NUEVO,-3.575145,-80.465291,62,219
TUMBES,ZARUMILLA,PAPAYAL,PUEBLO NUEVO,-3.627913,-80.194918,52,192
TUMBES,ZARUMILLA,PAPAYAL,QUEBRADA GRANDE (ALAN GARCIA),-3.520172,-80.333877,54,181
TUMBES,ZARUMILLA,PAPAYAL,LECHUGAL,-3.613938,-80.196948,56,181
TUMBES,TUMBES,LA CRUZ,LOS CEREZOS,-3.625802,-80.563927,56,165
TUMBES,TUMBES,SAN JACINTO,CARRETAS,-3.749512,-80.453038,46,153
TUMBES,TUMBES,LA CRUZ,LA LADRILLERA,-3.630598,-80.571762,25,144
TUMBES,TUMBES,TUMBES,LA PRIMAVERA,-3.533247,-80.373471,34,140
TUMBES,CONTRALMIRANTE VILLAR,CASITAS,BELLAVISTA,-3.975523,-80.658538,42,137
TUMBES,ZARUMILLA,MATAPALO,LA TOTORA,-3.688935,-80.218818,31,107
TUMBES,ZARUMILLA,ZARUMILLA,VILLA PRIMAVERA,-3.512058,-80.308445,3,91
TUMBES,CONTRALMIRANTE VILLAR,ZORRITOS,PEDREGAL,-3.786062,-80.694992,23,81
TUMBES,CONTRALMIRANTE VILLAR,CASITAS,EL PALMO,-3.968967,-80.652192,25,80
TUMBES,ZARUMILLA,MATAPALO,ISLA NOBLECILLA,-3.690982,-80.214333,24,80
TUMBES,CONTRALMIRANTE VILLAR,CASITAS,PUEBLO NUEVO,-3.852332,-80.657028,22,73
TUMBES,CONTRALMIRANTE VILLAR,CANOAS DE PUNTA SAL,CARPITAS,-4.022208,-80.965303,27,70
TUMBES,CONTRALMIRANTE VILLAR,CASITAS,TAMARINDO,-3.880955,-80.614827,15,69
TUMBES,CONTRALMIRANTE VILLAR,CASITAS,PAMPA DEL TRIGAL,-3.849637,-80.668645,24,68
TUMBES,CONTRALMIRANTE VILLAR,ZORRITOS,NUEVO PARAISO,-3.776615,-80.79748,12,44
TUMBES,TUMBES,TUMBES,CRUCE PIZARRO,-3.534504,-80.375817,14,43
TUMBES,TUMBES,TUMBES,LA BOTELLA,-3.548472,-80.414708,14,43
TUMBES,ZARUMILLA,AGUAS VERDES,SALITRAL,-3.519985,-80.240342,10,37
TUMBES,CONTRALMIRANTE VILLAR,ZORRITOS,PEÑA REDONDA,-3.8503,-80.828153,3,29
TUMBES,CONTRALMIRANTE VILLAR,ZORRITOS,SUAREZ,-3.810248,-80.688262,5,14
TUMBES,TUMBES,TUMBES,VILLA CORPAC,-3.561208,-80.372431,5,12
TUMBES,ZARUMILLA,PAPAYAL,LOS LIMOS,-3.599385,-80.19472,4,12
TUMBES,CONTRALMIRANTE VILLAR,CASITAS,SAN MARCOS,-3.886378,-80.602098,2,9
TUMBES,ZARUMILLA,AGUAS VERDES,CHACRA GONZALES,-3.467762,-80.245122,8,8
TUMBES,TUMBES,CORRALES,MIRAMAR,-3.60719,-80.496275,2,5
TUMBES,ZARUMILLA,PAPAYAL,EL GRAN CEIBO,-3.606657,-80.194742,1,5
TUMBES,TUMBES,TUMBES,HUAQUILLA,-3.556209,-80.46133,4,4
TUMBES,TUMBES,PAMPAS DE HOSPITAL,EL NARANJO,-3.794772,-80.463845,3,4
TUMBES,TUMBES,TUMBES,EL TROMPEZON,-3.550148,-80.450868,1,2
TUMBES,TUMBES,CORRALES,LA CANELA,-3.567009,-80.499911,1,1
TUMBES,TUMBES,CORRALES,EL CHIVATO,-3.539368,-80.490906,1,1
TUMBES,CONTRALMIRANTE VILLAR,ZORRITOS,EL ABEJAL,-3.830217,-80.820127,0,0
TUMBES,CONTRALMIRANTE VILLAR,ZORRITOS,LOS POZOS,-3.68745,-80.6705,0,0
TUMBES,CONTRALMIRANTE VILLAR,CASITAS,CARDALITOS,-3.956172,-80.651953,0,0
UCAYALI,CORONEL PORTILLO,CALLERIA,PUCALLPA,-8.36795,-74.543397,34287,144207
UCAYALI,CORONEL PORTILLO,YARINACOCHA,PUERTO CALLAO,-8.35549,-74.575732,21937,93248
UCAYALI,CORONEL PORTILLO,MANANTAY,SAN FERNANDO,-8.400345,-74.54125,18616,85540
UCAYALI,CORONEL PORTILLO,NUEVA REQUENA,NUEVA REQUENA,-8.320678,-74.851464,597,2489
UCAYALI,CORONEL PORTILLO,YARINACOCHA,SAN JOSE,-8.335155,-74.596592,467,1939
UCAYALI,CORONEL PORTILLO,YARINACOCHA,SAN JUAN,-8.323096,-74.60443,388,1528
UCAYALI,CORONEL PORTILLO,YARINACOCHA,SAN FRANCISCO,-8.27423,-74.639368,257,1263
UCAYALI,CORONEL PORTILLO,YARINACOCHA,NUEVO SAN JUAN,-8.403064,-74.649349,292,1106
UCAYALI,CORONEL PORTILLO,CAMPOVERDE,LA VICTORIA,-8.423332,-74.692446,233,952
UCAYALI,CORONEL PORTILLO,CAMPOVERDE,TIERRA BUENA,-8.407492,-74.678685,225,744
UCAYALI,CORONEL PORTILLO,IPARIA,COLONIA DEL CACO,-9.35511,-74.309077,121,580
UCAYALI,CORONEL PORTILLO,MASISEA,NUEVO PARAISO,-8.626562,-74.408193,126,559
UCAYALI,CORONEL PORTILLO,IPARIA,PUERTO BELEN,-9.233053,-74.344223,129,494
UCAYALI,PADRE ABAD,CURIMANA,LAS MALVINAS,-8.4044,-75.08788,119,483
UCAYALI,CORONEL PORTILLO,YARINACOCHA,NUEVA ESPERANZA DE PANAILLO,-8.237328,-74.688665,119,441
UCAYALI,CORONEL PORTILLO,IPARIA,NUEVO AHUAYPA,-9.07505,-74.466795,78,373
UCAYALI,CORONEL PORTILLO,MASISEA,VISTA ALEGRE DEL PACHITEA,-8.756078,-74.502232,99,372
UCAYALI,CORONEL PORTILLO,YARINACOCHA,SANTA ROSA,-8.305235,-74.619555,99,370
UCAYALI,CORONEL PORTILLO,CAMPOVERDE,SAN JOSE,-8.438672,-74.753367,100,362
UCAYALI,CORONEL PORTILLO,CAMPOVERDE,NUEVO PIURA,-8.354538,-74.982215,80,332
UCAYALI,CORONEL PORTILLO,NUEVA REQUENA,ESPERANZA DE AGUAYTIA,-8.139413,-74.821607,83,314
UCAYALI,CORONEL PORTILLO,CALLERIA,SANTA TERESA DE SHINUYA,-8.381236,-74.381872,68,304
UCAYALI,CORONEL PORTILLO,CALLERIA,MAZARAY,-8.433001,-74.240371,79,301
UCAYALI,CORONEL PORTILLO,YARINACOCHA,3 DE DICIEMBRE,-8.384934,-74.688457,72,299
UCAYALI,CORONEL PORTILLO,IPARIA,UTUCURO,-9.258107,-74.365277,69,284
UCAYALI,PADRE ABAD,CURIMANA,VISTA ALEGRE,-8.396187,-75.087845,62,277
UCAYALI,CORONEL PORTILLO,NUEVA REQUENA,SAN PABLO DE JUANTIA,-8.236597,-74.892988,67,273
UCAYALI,CORONEL PORTILLO,IPARIA,NUEVO SAMARIA,-9.138463,-74.464907,50,267
UCAYALI,CORONEL PORTILLO,MANANTAY,TUPAC AMARU,-8.475249,-74.609185,81,264
UCAYALI,CORONEL PORTILLO,CALLERIA,SANTA MARTHA,-8.361989,-74.530732,53,263
UCAYALI,CORONEL PORTILLO,YARINACOCHA,UNION ZAPOTILLO,-8.200762,-74.737455,55,258
UCAYALI,CORONEL PORTILLO,NUEVA REQUENA,NARANJAL,-8.154548,-74.833038,59,252
UCAYALI,CORONEL PORTILLO,IPARIA,SHARARA,-9.355507,-74.427213,58,241
UCAYALI,CORONEL PORTILLO,CAMPOVERDE,PORVENIR,-8.40977,-74.760532,65,221
UCAYALI,CORONEL PORTILLO,IPARIA,GALILEA,-9.099925,-74.469842,55,213
UCAYALI,CORONEL PORTILLO,MASISEA,MARIO VARGAS LLOSA,-8.533583,-74.264135,45,213
UCAYALI,CORONEL PORTILLO,YARINACOCHA,SAN SALVADOR,-8.310608,-74.634718,44,210
UCAYALI,CORONEL PORTILLO,YARINACOCHA,NUEVO PARIS,-8.200937,-74.604768,44,207
UCAYALI,CORONEL PORTILLO,NUEVA REQUENA,SANTA CLARA DE UCHUNYIA,-8.206003,-74.866558,46,205
UCAYALI,CORONEL PORTILLO,CALLERIA,SANTA CARMELA DE MASHANGAY,-8.397948,-74.362462,43,198
UCAYALI,CORONEL PORTILLO,YARINACOCHA,PUERTO FIRMEZA,-8.25548,-74.66047,49,193
UCAYALI,CORONEL PORTILLO,YARINACOCHA,VILLA PRIMAVERA,-8.37888,-74.621338,54,186
UCAYALI,CORONEL PORTILLO,CALLERIA,SANTO DOMINGO DE MASHANGAY,-8.38738,-74.409832,43,184
UCAYALI,CORONEL PORTILLO,YARINACOCHA,7 DE JUNIO,-8.285868,-74.631395,42,181
UCAYALI,CORONEL PORTILLO,MANANTAY,NUEVO BELEN,-8.482064,-74.630849,49,176
UCAYALI,CORONEL PORTILLO,MASISEA,VILLA EL PESCADOR,-8.555022,-74.328067,37,174
UCAYALI,CORONEL PORTILLO,YARINACOCHA,DOS DE MAYO,-8.395668,-74.639902,42,165
UCAYALI,CORONEL PORTILLO,YARINACOCHA,LEONCIO PRADO,-8.308182,-74.595817,35,164
UCAYALI,CORONEL PORTILLO,MASISEA,FLOR DE UCAYALI,-8.799872,-74.553738,29,156
UCAYALI,CORONEL PORTILLO,YARINACOCHA,SANTA CLARA,-8.272588,-74.650828,32,155
UCAYALI,CORONEL PORTILLO,YARINACOCHA,NUEVA ALEJANDRIA,-8.212183,-74.617805,35,154
UCAYALI,CORONEL PORTILLO,CAMPOVERDE,AMA QUELLA,-8.288347,-74.774243,36,152
UCAYALI,CORONEL PORTILLO,YARINACOCHA,SANTA TERESITA DE CASHIBO,-8.355613,-74.673561,34,147
UCAYALI,CORONEL PORTILLO,CALLERIA,EXITO,-8.401497,-74.412472,34,146
UCAYALI,CORONEL PORTILLO,CAMPOVERDE,SAN CRISTOBAL DE AGUA BLANCA,-8.539148,-74.728083,40,144
UCAYALI,CORONEL PORTILLO,MASISEA,SANTA ELENA,-8.718717,-74.469713,35,140
UCAYALI,CORONEL PORTILLO,NUEVA REQUENA,EL CARIBE,-8.203008,-74.847072,32,139
UCAYALI,CORONEL PORTILLO,CAMPOVERDE,NUEVO BELEN,-8.459561,-74.677467,35,136
UCAYALI,CORONEL PORTILLO,NUEVA REQUENA,NUEVO UNION DE PROGRESO,-8.14443,-74.83498,37,136
UCAYALI,CORONEL PORTILLO,YARINACOCHA,NUEVA LUZ DE FATIMA,-8.318975,-74.572073,37,135
UCAYALI,CORONEL PORTILLO,MASISEA,VARGAS GUERRA,-8.486895,-74.287448,33,134
UCAYALI,CORONEL PORTILLO,MANANTAY,PUCALLPILLO,-8.44814,-74.503826,35,133
UCAYALI,PADRE ABAD,CURIMANA,ROCA FUERTE,-8.362375,-75.089698,29,132
UCAYALI,CORONEL PORTILLO,MASISEA,ISLA LIBERTAD,-8.530528,-74.275283,34,128
UCAYALI,CORONEL PORTILLO,MASISEA,NUEVO PROGRESO,-8.744827,-74.483553,32,128
UCAYALI,CORONEL PORTILLO,CAMPOVERDE,PAMPAS VERDES,-8.414112,-74.745437,38,124
UCAYALI,CORONEL PORTILLO,YARINACOCHA,PADRE BERNARDO MERCIER,-8.26241,-74.649047,26,118
UCAYALI,CORONEL PORTILLO,IPARIA,PUERTO NUEVO,-9.364602,-74.424988,21,117
UCAYALI,CORONEL PORTILLO,YARINACOCHA,ONCE DE AGOSTO,-8.340817,-74.583243,21,111
UCAYALI,CORONEL PORTILLO,CALLERIA,ABANCAY,-8.391891,-74.514577,22,110
UCAYALI,CORONEL PORTILLO,YARINACOCHA,MISION SUIZA,-8.392115,-74.667442,34,110
UCAYALI,CORONEL PORTILLO,MANANTAY,EGA,-8.442852,-74.482341,29,109
UCAYALI,CORONEL PORTILLO,CAMPOVERDE,WONDERLAND,-8.364744,-74.718855,17,106
UCAYALI,CORONEL PORTILLO,MASISEA,NUEVA PROVIDENCIA,-8.489505,-74.250978,30,106
UCAYALI,CORONEL PORTILLO,CAMPOVERDE,JUVENTUD,-8.350608,-74.96085,36,100
UCAYALI,CORONEL PORTILLO,MASISEA,SANTA MARTA,-8.768145,-74.45276,21,96
UCAYALI,CORONEL PORTILLO,CAMPOVERDE,NARANJILLO,-8.369357,-75.009037,32,92
UCAYALI,CORONEL PORTILLO,IPARIA,VALLADOLID,-9.02563,-74.486028,23,92
UCAYALI,CORONEL PORTILLO,IPARIA,NUEVO VILLASOL,-9.254537,-74.385342,21,91
UCAYALI,CORONEL PORTILLO,MANANTAY,SOLEDAD,-8.444963,-74.59338,19,87
UCAYALI,CORONEL PORTILLO,YARINACOCHA,LA RESTINGA,-8.343498,-74.566095,24,86
UCAYALI,CORONEL PORTILLO,NUEVA REQUENA,LOS ANGELES,-8.34546,-74.976777,25,82
UCAYALI,CORONEL PORTILLO,IPARIA,PUERTO LIBRE,-9.118407,-74.463368,20,81
UCAYALI,CORONEL PORTILLO,MASISEA,PUERTO CONSUELO,-8.498172,-74.263293,21,79
UCAYALI,CORONEL PORTILLO,MANANTAY,JOSE OLAYA,-8.46103,-74.491118,21,79
UCAYALI,CORONEL PORTILLO,MANANTAY,SAN LORENZO,-8.447972,-74.454684,17,79
UCAYALI,CORONEL PORTILLO,CAMPOVERDE,SEÑOR DE LOS MILAGROS,-8.3672,-74.76982,26,76
UCAYALI,CORONEL PORTILLO,NUEVA REQUENA,TRES ISLAS,-8.303843,-74.886152,16,76
UCAYALI,CORONEL PORTILLO,CALLERIA,4 DE JULIO,-8.368215,-74.395851,20,73
UCAYALI,CORONEL PORTILLO,CALLERIA,SANTA ELENA,-8.292042,-74.468212,17,71
UCAYALI,CORONEL PORTILLO,MASISEA,NUEVO ANGAMOS,-8.569283,-74.335872,17,71
UCAYALI,CORONEL PORTILLO,YARINACOCHA,BELLAVISTA,-8.291308,-74.541873,17,71
UCAYALI,CORONEL PORTILLO,YARINACOCHA,CASHIBO COCHA,-8.334708,-74.637762,11,71
UCAYALI,CORONEL PORTILLO,YARINACOCHA,NUEVA UNION,-8.239898,-74.58787,17,70
UCAYALI,CORONEL PORTILLO,CAMPOVERDE,ANTONIO RAIMONDI,-8.370337,-74.714233,18,69
UCAYALI,CORONEL PORTILLO,CALLERIA,NUEVO UCAYALI,-8.382955,-74.481722,18,68
UCAYALI,CORONEL PORTILLO,CAMPOVERDE,8 DE MAYO,-8.38372,-74.790247,23,66
UCAYALI,CORONEL PORTILLO,YARINACOCHA,MARISCAL SUCRE,-8.30496,-74.570977,18,63
UCAYALI,CORONEL PORTILLO,CALLERIA,SAN FRANCISCO DE ASIS,-8.272624,-74.483229,21,62
UCAYALI,CORONEL PORTILLO,YARINACOCHA,NUEVO EGIPTO,-8.275408,-74.647254,14,62
UCAYALI,CORONEL PORTILLO,YARINACOCHA,DOS DE MAYO,-8.289507,-74.66188,12,61
UCAYALI,CORONEL PORTILLO,NUEVA REQUENA,NUEVA BARRANCA,-8.252607,-74.874495,16,60
UCAYALI,CORONEL PORTILLO,YARINACOCHA,NUEVA BELGICA,-8.246317,-74.557402,11,59
UCAYALI,CORONEL PORTILLO,CALLERIA,NUEVO SAN MARTIN,-8.240874,-74.527477,13,56
UCAYALI,CORONEL PORTILLO,CALLERIA,PILAR NORES,-8.3702,-74.45796,14,56
UCAYALI,CORONEL PORTILLO,MANANTAY,JUAN VELASCO,-8.456214,-74.447097,15,56
UCAYALI,CORONEL PORTILLO,YARINACOCHA,NUEVO SAN ALEJANDRO,-8.311982,-74.572412,12,55
UCAYALI,CORONEL PORTILLO,CAMPOVERDE,RAMAL 24 DE DICIEMBRE,-8.36816,-74.745737,12,53
UCAYALI,CORONEL PORTILLO,CALLERIA,TAHUANTINSUYO,-8.3944,-74.476255,13,52
UCAYALI,CORONEL PORTILLO,CALLERIA,NUEVO SANTA ISABEL,-8.318498,-74.481035,11,51
UCAYALI,CORONEL PORTILLO,CAMPOVERDE,CIUDAD DE LOS INCAS,-8.608922,-74.890693,22,51
UCAYALI,CORONEL PORTILLO,CALLERIA,MIRAFLORES,-8.445092,-74.362775,15,50
UCAYALI,CORONEL PORTILLO,YARINACOCHA,HIPOLITO UNANUE,-8.411179,-74.660808,13,50
UCAYALI,CORONEL PORTILLO,YARINACOCHA,LACRE,-8.324433,-74.673135,12,49
UCAYALI,CORONEL PORTILLO,YARINACOCHA,NUEVO EDEN,-8.182635,-74.716138,10,48
UCAYALI,CORONEL PORTILLO,YARINACOCHA,JUAN LUIS ECHEGARAY,-8.189596,-74.737087,11,47
UCAYALI,CORONEL PORTILLO,NUEVA REQUENA,NUEVO SAN JUAN DE SHESHEA,-8.313365,-74.93489,14,46
UCAYALI,CORONEL PORTILLO,CALLERIA,SANTA ROSA DE PUCALLPA,-8.319858,-74.534581,8,45
UCAYALI,CORONEL PORTILLO,YARINACOCHA,VENADO,-8.220021,-74.744013,13,44
UCAYALI,CORONEL PORTILLO,CAMPOVERDE,LAS PALMERAS DEL UCAYALI,-8.578905,-74.875322,13,43
UCAYALI,PADRE ABAD,CURIMANA,NUEVO PORVENIR,-8.367683,-75.082978,9,43
UCAYALI,CORONEL PORTILLO,YARINACOCHA,SANTA ISABEL DE CASHIBO,-8.373521,-74.686807,12,42
UCAYALI,CORONEL PORTILLO,NUEVA REQUENA,NUEVE DE FEBRERO,-8.324285,-74.812383,10,42
UCAYALI,CORONEL PORTILLO,YARINACOCHA,LAS AMERICAS,-8.296852,-74.738409,15,41
UCAYALI,CORONEL PORTILLO,NUEVA REQUENA,ESPINAR (ESPINAL),-7.999568,-74.712035,13,40
UCAYALI,CORONEL PORTILLO,CALLERIA,NUEVO SANTA ROSA DE CAPSINAY,-8.429682,-74.397525,10,37
UCAYALI,CORONEL PORTILLO,CALLERIA,CHANCAY,-8.258693,-74.510605,12,36
UCAYALI,CORONEL PORTILLO,NUEVA REQUENA,CEDRO ISLA,-8.306628,-74.916128,14,35
UCAYALI,CORONEL PORTILLO,MASISEA,JUVENTUD SAN RAFAEL,-8.447887,-74.255773,7,33
UCAYALI,CORONEL PORTILLO,CALLERIA,ALVA CASTRO,-8.438132,-74.308263,10,32
UCAYALI,CORONEL PORTILLO,CAMPOVERDE,LA UNION,-8.459305,-74.70883,8,31
UCAYALI,CORONEL PORTILLO,YARINACOCHA,FAIENAP,-8.412332,-74.663292,7,31
UCAYALI,CORONEL PORTILLO,YARINACOCHA,SEÑOR DE LOS MILAGROS,-8.208012,-74.654228,8,31
UCAYALI,CORONEL PORTILLO,YARINACOCHA,NUEVO PRIMAVERA,-8.348048,-74.655062,10,29
UCAYALI,CORONEL PORTILLO,YARINACOCHA,PORVENIR DE YARINACOCHA,-8.289895,-74.561047,6,28
UCAYALI,CORONEL PORTILLO,MANANTAY,SAGRADO CORAZON DE JESUS,-8.458372,-74.504603,7,28
UCAYALI,CORONEL PORTILLO,CALLERIA,NUEVO HORIZONTE DE MOHENA,-8.461178,-74.305128,7,27
UCAYALI,CORONEL PORTILLO,CAMPOVERDE,MIGUEL GRAU,-8.325782,-74.762608,8,27
UCAYALI,CORONEL PORTILLO,NUEVA REQUENA,PALMERAS DE ZAPOTILLO,-8.261825,-74.803078,11,27
UCAYALI,CORONEL PORTILLO,CALLERIA,VISTA ALEGRE,-8.344626,-74.529135,10,26
UCAYALI,CORONEL PORTILLO,MANANTAY,EL NARANJAL,-8.719807,-74.469677,16,26
UCAYALI,CORONEL PORTILLO,CALLERIA,ISLA PROGRESO,-8.330572,-74.496663,7,24
UCAYALI,CORONEL PORTILLO,NUEVA REQUENA,MIRAFLORES,-8.169188,-74.842395,10,23
UCAYALI,CORONEL PORTILLO,CALLERIA,TRES UNIDOS,-8.297788,-74.497983,7,22
UCAYALI,CORONEL PORTILLO,CALLERIA,NUEVA ALIANZA,-8.441515,-74.341892,11,21
UCAYALI,CORONEL PORTILLO,YARINACOCHA,SAN LORENZO,-8.348447,-74.604614,6,19
UCAYALI,CORONEL PORTILLO,YARINACOCHA,SAN PEDRO DE BELLO HORIZONTE,-8.124774,-74.644178,6,19
UCAYALI,CORONEL PORTILLO,CALLERIA,EL MANGUAL,-8.310705,-74.530797,7,17
UCAYALI,CORONEL PORTILLO,IPARIA,NUEVA UNION,-9.417315,-74.255852,5,17
UCAYALI,CORONEL PORTILLO,YARINACOCHA,MISION SAM,-8.353948,-74.660035,5,16
UCAYALI,CORONEL PORTILLO,CALLERIA,SANTA ROSA DE CAPSINAY,-8.446264,-74.388472,5,11
UCAYALI,CORONEL PORTILLO,MANANTAY,MIGUEL GRAU,-8.457362,-74.474347,4,11
UCAYALI,CORONEL PORTILLO,YARINACOCHA,AGRICOLA EL SOL,-8.235062,-74.778581,4,8
UCAYALI,CORONEL PORTILLO,YARINACOCHA,SOLEDAD,-8.25222,-74.567769,3,6
UCAYALI,CORONEL PORTILLO,CALLERIA,MI PERU,-8.348367,-74.512387,1,5
UCAYALI,CORONEL PORTILLO,CALLERIA,SANTA CLOTILDE,-8.29292,-74.514832,1,3
UCAYALI,CORONEL PORTILLO,CALLERIA,NUEVO PARAISO DE MASHANGAY,-8.40898,-74.389973,1,3
UCAYALI,CORONEL PORTILLO,YARINACOCHA,LOS ANGELES,-8.262955,-74.575865,2,3
UCAYALI,CORONEL PORTILLO,NUEVA REQUENA,NUEVO UNION DE JUANTIA TIPISHCA,-8.25023,-74.83138,2,2
UCAYALI,CORONEL PORTILLO,CALLERIA,NUEVO SAN ANTONIO,-8.169748,-74.609908,1,1
UCAYALI,CORONEL PORTILLO,CALLERIA,NUEVA FORTUNA,-8.487642,-74.389792,1,1
UCAYALI,CORONEL PORTILLO,MASISEA,MONTE DE LOS OLIVOS,-8.551195,-74.349328,1,1
UCAYALI,CORONEL PORTILLO,MANANTAY,NUEVO ORIENTE DE CHAMAJAO,-8.47671,-74.488577,0,0
